corruption_perception,country,freedom,gdp_per_capita,generosity,happiness_rank,happiness_score,life_expectancy,region,social_support,year
0.3043163986802101,Switzerland,0.66557,1.3965100000000001,0.29678000000000004,1,7.587000000000001,0.9414299999999999,Western Europe,1.34951,2015
0.3043163986802101,Switzerland,0.58557,1.5273299999999999,0.28083,2,7.5089999999999995,0.86303,Western Europe,1.14524,2016
0.3043163986802101,Switzerland,0.620070576667786,1.5649795532226598,0.29054927825927696,4,7.49399995803833,0.858131289482117,Western Europe,1.51691174507141,2017
0.3043163986802101,Switzerland,0.66,1.42,0.256,5,7.487,0.927,Western Europe,1.5490000000000002,2018
0.3043163986802101,Switzerland,0.5720000000000001,1.452,0.263,6,7.48,1.052,Western Europe,1.526,2019
0.14145,Iceland,0.6287699999999999,1.3023200000000001,0.4363,2,7.561,0.94784,Western Europe,1.4022299999999999,2015
0.14975,Iceland,0.56624,1.42666,0.47678000000000004,3,7.501,0.8673299999999999,Western Europe,1.18326,2016
0.15352655947208402,Iceland,0.6271626353263849,1.480633020401,0.47554022073745705,3,7.50400018692017,0.8335521221160892,Western Europe,1.6105740070343,2017
0.138,Iceland,0.677,1.3430000000000002,0.353,4,7.495,0.914,Western Europe,1.6440000000000001,2018
0.11800000000000001,Iceland,0.591,1.38,0.354,4,7.494,1.026,Western Europe,1.624,2019
0.3043163986802101,Denmark,0.6493800000000001,1.32548,0.34139,3,7.527,0.87464,Western Europe,1.36058,2015
0.3043163986802101,Denmark,0.5794100000000001,1.4417799999999998,0.36171,1,7.526,0.79504,Western Europe,1.16374,2016
0.3043163986802101,Denmark,0.626006722450256,1.48238301277161,0.3552804887294771,2,7.52199983596802,0.7925655245780941,Western Europe,1.55112159252167,2017
0.3043163986802101,Denmark,0.6829999999999999,1.351,0.284,3,7.555,0.868,Western Europe,1.59,2018
0.3043163986802101,Denmark,0.5920000000000001,1.383,0.252,2,7.6,0.996,Western Europe,1.5730000000000002,2019
0.3043163986802101,Norway,0.66973,1.459,0.34699,4,7.522,0.88521,Western Europe,1.33095,2015
0.3043163986802101,Norway,0.59609,1.57744,0.37895,4,7.497999999999999,0.79579,Western Europe,1.1269,2016
0.3043163986802101,Norway,0.635422587394714,1.6164631843566901,0.36201223731041,1,7.537000179290769,0.796666502952576,Western Europe,1.53352355957031,2017
0.3043163986802101,Norway,0.6859999999999999,1.456,0.28600000000000003,2,7.593999999999999,0.861,Western Europe,1.5819999999999999,2018
0.3043163986802101,Norway,0.603,1.4880000000000002,0.271,3,7.553999999999999,1.028,Western Europe,1.5819999999999999,2019
0.3043163986802101,Canada,0.63297,1.32629,0.45811,5,7.4270000000000005,0.9056299999999999,North America,1.32261,2015
0.3043163986802101,Canada,0.5737,1.44015,0.44833999999999996,6,7.404,0.8276,North America,1.0961,2016
0.287371516227722,Canada,0.611100912094116,1.47920441627502,0.435539722442627,7,7.31599998474121,0.83455765247345,North America,1.48134899139404,2017
0.29100000000000004,Canada,0.653,1.33,0.321,7,7.327999999999999,0.8959999999999999,North America,1.5319999999999998,2018
0.3043163986802101,Canada,0.584,1.365,0.285,9,7.278,1.0390000000000001,North America,1.505,2019
0.3043163986802101,Finland,0.64169,1.29025,0.23351,6,7.406000000000001,0.8891100000000001,Western Europe,1.31826,2015
0.3043163986802101,Finland,0.57104,1.40598,0.25492,5,7.412999999999999,0.81091,Western Europe,1.1346399999999999,2016
0.3043163986802101,Finland,0.6179508566856379,1.44357192516327,0.24548277258873,5,7.468999862670901,0.80915766954422,Western Europe,1.5402467250824,2017
0.3043163986802101,Finland,0.6809999999999999,1.305,0.20199999999999999,1,7.632000000000001,0.8740000000000001,Western Europe,1.5919999999999999,2018
0.3043163986802101,Finland,0.596,1.34,0.153,1,7.769,0.986,Western Europe,1.587,2019
0.3043163986802101,Netherlands,0.6157600000000001,1.32944,0.4761,7,7.377999999999999,0.89284,Western Europe,1.28017,2015
0.29927,Netherlands,0.55211,1.46468,0.47416,7,7.3389999999999995,0.8123100000000001,Western Europe,1.02912,2016
0.282661825418472,Netherlands,0.5853844881057739,1.50394463539124,0.47048982977867104,6,7.3769998550415,0.8106961250305179,Western Europe,1.42893922328949,2017
0.295,Netherlands,0.638,1.361,0.33299999999999996,6,7.441,0.878,Western Europe,1.4880000000000002,2018
0.298,Netherlands,0.557,1.396,0.322,5,7.4879999999999995,0.9990000000000001,Western Europe,1.5219999999999998,2019
0.3043163986802101,Sweden,0.6598,1.33171,0.36262,8,7.364,0.9108700000000001,Western Europe,1.2890700000000002,2015
0.3043163986802101,Sweden,0.58218,1.45181,0.38254,10,7.291,0.83121,Western Europe,1.08764,2016
0.3043163986802101,Sweden,0.612924098968506,1.49438726902008,0.38539925217628496,9,7.28399991989136,0.830875158309937,Western Europe,1.47816216945648,2017
0.3043163986802101,Sweden,0.659,1.355,0.285,9,7.314,0.9129999999999999,Western Europe,1.501,2018
0.3043163986802101,Sweden,0.574,1.3869999999999998,0.267,7,7.343,1.0090000000000001,Western Europe,1.4869999999999999,2019
0.3043163986802101,New Zealand,0.6393800000000001,1.2501799999999998,0.47501000000000004,9,7.2860000000000005,0.9083700000000001,Australia and New Zealand,1.3196700000000001,2015
0.3043163986802101,New Zealand,0.5814699999999999,1.36066,0.49401000000000006,8,7.334,0.83096,Australia and New Zealand,1.17278,2016
0.3043163986802101,New Zealand,0.6140621304512021,1.40570604801178,0.500005125999451,8,7.31400012969971,0.816759705543518,Australia and New Zealand,1.54819512367249,2017
0.3043163986802101,New Zealand,0.669,1.268,0.365,8,7.324,0.8759999999999999,Australia and New Zealand,1.601,2018
0.3043163986802101,New Zealand,0.585,1.3030000000000002,0.33,8,7.307,1.026,Australia and New Zealand,1.557,2019
0.3043163986802101,Australia,0.6512399999999999,1.33358,0.43562,10,7.284,0.93156,Australia and New Zealand,1.30923,2015
0.3043163986802101,Australia,0.5683699999999999,1.4444299999999999,0.47407,9,7.313,0.8512,Australia and New Zealand,1.10476,2016
0.301183730363846,Australia,0.601607382297516,1.4844149351120002,0.47769924998283403,10,7.28399991989136,0.84388679265976,Australia and New Zealand,1.5100419521331798,2017
0.302,Australia,0.647,1.34,0.361,10,7.272,0.91,Australia and New Zealand,1.5730000000000002,2018
0.29,Australia,0.557,1.3719999999999999,0.332,11,7.228,1.036,Australia and New Zealand,1.548,2019
0.07785,Israel,0.41318999999999995,1.2285700000000002,0.33171999999999996,11,7.278,0.9138700000000001,Middle East and Northern Africa,1.22393,2015
0.08728,Israel,0.36432,1.33766,0.32288,11,7.267,0.8491700000000001,Middle East and Northern Africa,0.9953700000000001,2016
0.0852421000599861,Israel,0.40598860383033797,1.3753824234008798,0.330082654953003,11,7.212999820709231,0.83840399980545,Middle East and Northern Africa,1.37628996372223,2017
0.272,Israel,0.5329999999999999,1.301,0.354,19,6.814,0.883,Middle East and Northern Africa,1.5590000000000002,2018
0.08199999999999999,Israel,0.371,1.276,0.261,13,7.138999999999999,1.0290000000000001,Middle East and Northern Africa,1.455,2019
0.10583,Costa Rica,0.63376,0.95578,0.25497,12,7.226,0.8602700000000001,Latin America and Caribbean,1.2378799999999999,2015
0.10547000000000001,Costa Rica,0.55225,1.06879,0.22553,14,7.087000000000001,0.76146,Latin America and Caribbean,1.02152,2016
0.100106589496136,Costa Rica,0.580131649971008,1.10970628261566,0.21461322903633104,12,7.0789999961853,0.7595092654228209,Latin America and Caribbean,1.4164036512374898,2017
0.10099999999999999,Costa Rica,0.632,1.01,0.14300000000000002,13,7.072,0.8170000000000001,Latin America and Caribbean,1.459,2018
0.09300000000000001,Costa Rica,0.5579999999999999,1.034,0.14400000000000002,12,7.167000000000001,0.963,Latin America and Caribbean,1.4409999999999998,2019
0.18675999999999998,Austria,0.62433,1.33723,0.33088,13,7.2,0.8904200000000001,Western Europe,1.29704,2015
0.21348000000000003,Austria,0.54355,1.45038,0.32865,12,7.119,0.80565,Western Europe,1.0838299999999998,2016
0.22106036543846105,Austria,0.567766189575195,1.4870972633361799,0.316472321748734,13,7.00600004196167,0.8153284192085269,Western Europe,1.4599449634552,2017
0.22399999999999998,Austria,0.617,1.341,0.242,12,7.138999999999999,0.8909999999999999,Western Europe,1.504,2018
0.226,Austria,0.532,1.376,0.244,10,7.246,1.016,Western Europe,1.475,2019
0.21311999999999998,Mexico,0.48181,1.02054,0.14074,14,7.187,0.8144399999999999,Latin America and Caribbean,0.91451,2015
0.18355,Mexico,0.37709000000000004,1.1150799999999998,0.11735,20,6.778,0.71143,Latin America and Caribbean,0.7146,2016
0.132774114608765,Mexico,0.412730008363724,1.1531838178634601,0.12099043279886199,25,6.57800006866455,0.709978997707367,Latin America and Caribbean,1.2108621597290001,2017
0.095,Mexico,0.479,1.038,0.069,24,6.4879999999999995,0.7609999999999999,Latin America and Caribbean,1.252,2018
0.073,Mexico,0.433,1.07,0.07400000000000001,23,6.595,0.861,Latin America and Caribbean,1.3230000000000002,2019
0.1589,United States,0.54604,1.3945100000000001,0.40105,15,7.119,0.86179,North America,1.24711,2015
0.14868,United States,0.48163,1.50796,0.41076999999999997,13,7.104,0.779,North America,1.04782,2016
0.135638788342476,United States,0.505740523338318,1.54625928401947,0.392578780651093,14,6.993000030517581,0.7742866277694699,North America,1.4199205636978103,2017
0.133,United States,0.547,1.3980000000000001,0.29100000000000004,18,6.886,0.8190000000000001,North America,1.4709999999999999,2018
0.128,United States,0.45399999999999996,1.433,0.28,19,6.892,0.8740000000000001,North America,1.4569999999999999,2019
0.17521,Brazil,0.49049,0.98124,0.14574,16,6.983,0.69702,Latin America and Caribbean,1.2328700000000001,2015
0.14165999999999998,Brazil,0.40425,1.08754,0.15775999999999998,16,6.952000000000001,0.61415,Latin America and Caribbean,1.03938,2016
0.11109276115894301,Brazil,0.437453746795654,1.1073532104492199,0.16234989464282998,22,6.6350002288818395,0.6165523529052729,Latin America and Caribbean,1.43130600452423,2017
0.08800000000000001,Brazil,0.493,0.986,0.11,27,6.419,0.675,Latin America and Caribbean,1.474,2018
0.086,Brazil,0.39,1.004,0.099,31,6.3,0.802,Latin America and Caribbean,1.439,2019
0.3043163986802101,Luxembourg,0.61583,1.5639100000000001,0.28034000000000003,17,6.946000000000001,0.91894,Western Europe,1.21963,2015
0.3043163986802101,Luxembourg,0.5487,1.6975200000000001,0.27571,19,6.871,0.8454200000000001,Western Europe,1.03999,2016
0.3043163986802101,Luxembourg,0.59662789106369,1.74194359779358,0.283180981874466,18,6.86299991607666,0.845089495182037,Western Europe,1.45758366584778,2017
0.3043163986802101,Luxembourg,0.632,1.5759999999999998,0.196,17,6.91,0.8959999999999999,Western Europe,1.52,2018
0.3043163986802101,Luxembourg,0.526,1.609,0.19399999999999998,14,7.09,1.012,Western Europe,1.479,2019
0.28703,Ireland,0.6177699999999999,1.33596,0.45901000000000003,18,6.94,0.89533,Western Europe,1.36948,2015
0.29754,Ireland,0.54008,1.4834100000000001,0.44963000000000003,18,6.907,0.81455,Western Europe,1.16157,2016
0.29838815331459007,Ireland,0.5731103420257571,1.5357066392898602,0.42785832285881,15,6.9770002365112305,0.8097826242446899,Western Europe,1.5582311153411899,2017
0.3043163986802101,Ireland,0.614,1.4480000000000002,0.307,14,6.977,0.8759999999999999,Western Europe,1.5830000000000002,2018
0.3043163986802101,Ireland,0.516,1.499,0.298,16,7.021,0.9990000000000001,Western Europe,1.5530000000000002,2019
0.2254,Belgium,0.5845,1.30782,0.2225,19,6.937,0.8966700000000001,Western Europe,1.28566,2015
0.26248,Belgium,0.51354,1.42539,0.2424,17,6.928999999999999,0.8195899999999999,Western Europe,1.05249,2016
0.251343131065369,Belgium,0.5397707223892211,1.4637807607650801,0.23150333762168898,17,6.89099979400635,0.8180918693542479,Western Europe,1.4623126983642598,2017
0.24,Belgium,0.583,1.324,0.188,16,6.9270000000000005,0.894,Western Europe,1.483,2018
0.21,Belgium,0.473,1.3559999999999999,0.16,18,6.922999999999999,0.986,Western Europe,1.504,2019
0.3043163986802101,United Arab Emirates,0.64157,1.42727,0.26428,20,6.901,0.80925,Middle East and Northern Africa,1.12575,2015
0.3043163986802101,United Arab Emirates,0.56215,1.57352,0.26591,27,6.5729999999999995,0.72993,Middle East and Northern Africa,0.8711399999999999,2016
0.3043163986802101,United Arab Emirates,0.60834527015686,1.6263433694839498,0.3609419465065,21,6.6479997634887695,0.726798236370087,Middle East and Northern Africa,1.2664102315902699,2017
0.3043163986802101,United Arab Emirates,0.284,2.096,0.18600000000000003,20,6.774,0.67,Middle East and Northern Africa,0.7759999999999999,2018
0.182,United Arab Emirates,0.598,1.5030000000000001,0.262,21,6.825,0.825,Middle East and Northern Africa,1.31,2019
0.3043163986802101,United Kingdom,0.59625,1.26637,0.512,21,6.867000000000001,0.90943,Western Europe,1.28548,2015
0.27399,United Kingdom,0.50036,1.40283,0.50156,22,6.725,0.80991,Western Europe,1.0867200000000001,2016
0.265428066253662,United Kingdom,0.508190035820007,1.44163393974304,0.492774158716202,19,6.71400022506714,0.805335938930511,Western Europe,1.4964600801467902,2017
0.08199999999999999,United Kingdom,0.46399999999999997,1.244,0.262,11,7.19,0.888,Western Europe,1.433,2018
0.278,United Kingdom,0.45,1.3330000000000002,0.348,15,7.053999999999999,0.996,Western Europe,1.538,2019
0.11069000000000001,Venezuela,0.42908,1.04424,0.058410000000000004,22,6.81,0.7205199999999999,Latin America and Caribbean,1.25596,2015
0.08304,Venezuela,0.19847,1.1336700000000002,0.0425,40,6.084,0.6190399999999999,Latin America and Caribbean,1.03302,2016
0.0644911229610443,Venezuela,0.15399712324142498,1.12843120098114,0.0650196298956871,77,5.25,0.617144227027893,Latin America and Caribbean,1.43133759498596,2017
0.052000000000000005,Venezuela,0.133,0.996,0.055999999999999994,95,4.806,0.657,Latin America and Caribbean,1.469,2018
0.047,Venezuela,0.154,0.96,0.064,102,4.707,0.805,Latin America and Caribbean,1.4269999999999998,2019
0.3043163986802101,Singapore,0.54252,1.52186,0.31105,23,6.797999999999999,1.02525,Southeastern Asia,1.02,2015
0.3043163986802101,Singapore,0.4877,1.64555,0.32706,21,6.739,0.94719,Southeastern Asia,0.8675799999999999,2016
0.3043163986802101,Singapore,0.549840569496155,1.69227766990662,0.345965981483459,26,6.57200002670288,0.9494923949241642,Southeastern Asia,1.35381436347961,2017
0.3043163986802101,Singapore,0.631,1.5290000000000001,0.261,33,6.343,1.008,Southeastern Asia,1.4509999999999998,2018
0.3043163986802101,Singapore,0.556,1.5719999999999998,0.271,33,6.2620000000000005,1.141,Southeastern Asia,1.463,2019
0.0927,Panama,0.5421,1.0635299999999999,0.24434,24,6.7860000000000005,0.79661,Latin America and Caribbean,1.1985,2015
0.08423,Panama,0.48927,1.18306,0.2418,24,6.7010000000000005,0.70835,Latin America and Caribbean,0.9891200000000001,2016
0.070983923971653,Panama,0.550026834011078,1.23374843597412,0.21055693924427,30,6.4520001411438,0.706156134605408,Latin America and Caribbean,1.3731925487518302,2017
0.063,Panama,0.597,1.112,0.125,26,6.43,0.759,Latin America and Caribbean,1.4380000000000002,2018
0.054000000000000006,Panama,0.516,1.149,0.109,30,6.321000000000001,0.91,Latin America and Caribbean,1.442,2019
0.21843,Germany,0.6147699999999999,1.32792,0.28214,25,6.75,0.89186,Western Europe,1.2993700000000001,2015
0.28551,Germany,0.53466,1.44787,0.30451999999999996,15,6.994,0.81487,Western Europe,1.09774,2016
0.276731938123703,Germany,0.562511384487152,1.48792338371277,0.33626917004585305,16,6.9510002136230495,0.798950731754303,Western Europe,1.47252035140991,2017
0.28,Germany,0.586,1.34,0.273,15,6.965,0.861,Western Europe,1.474,2018
0.265,Germany,0.495,1.3730000000000002,0.261,17,6.985,0.987,Western Europe,1.454,2019
0.12869,Chile,0.44132,1.10715,0.33363000000000004,26,6.67,0.85857,Latin America and Caribbean,1.12447,2015
0.11450999999999999,Chile,0.37789,1.2167,0.31595,23,6.705,0.8188300000000001,Latin America and Caribbean,0.9058700000000001,2016
0.0822879821062088,Chile,0.376895278692245,1.25278460979462,0.3266624212265011,20,6.65199995040894,0.8194797039031979,Latin America and Caribbean,1.28402495384216,2017
0.061,Chile,0.431,1.131,0.19699999999999998,25,6.476,0.8079999999999999,Latin America and Caribbean,1.331,2018
0.055999999999999994,Chile,0.35700000000000004,1.159,0.187,25,6.444,0.92,Latin America and Caribbean,1.369,2019
0.3043163986802101,Qatar,0.6404,1.69042,0.32573,27,6.611000000000001,0.79733,Middle East and Northern Africa,1.0786,2015
0.3043163986802101,Qatar,0.56679,1.82427,0.32388,34,6.375,0.71723,Middle East and Northern Africa,0.87964,2016
0.3043163986802101,Qatar,0.604130983352661,1.8707656860351598,0.33047387003898604,34,6.375,0.7100980877876278,Middle East and Northern Africa,1.27429687976837,2017
0.171,Qatar,0.654,1.649,0.256,31,6.374,0.748,Middle East and Northern Africa,1.3030000000000002,2018
0.16699999999999998,Qatar,0.555,1.6840000000000002,0.22,28,6.374,0.871,Middle East and Northern Africa,1.3130000000000002,2019
0.20646,France,0.55011,1.27778,0.12332,28,6.575,0.9457899999999999,Western Europe,1.2603799999999998,2015
0.17808,France,0.46562,1.39488,0.1216,31,6.478,0.83795,Western Europe,1.00508,2016
0.172502428293228,France,0.470222115516663,1.43092346191406,0.129762306809425,31,6.44199991226196,0.8444658517837521,Western Europe,1.38777685165405,2017
0.17600000000000002,France,0.52,1.2930000000000001,0.098,23,6.489,0.9079999999999999,Western Europe,1.466,2018
0.183,France,0.436,1.324,0.111,24,6.5920000000000005,1.045,Western Europe,1.472,2019
0.08484,Argentina,0.44974,1.05351,0.11450999999999999,29,6.574,0.78723,Latin America and Caribbean,1.24823,2015
0.07296,Argentina,0.42283999999999994,1.15137,0.10989000000000002,25,6.65,0.69711,Latin America and Caribbean,1.0661200000000002,2016
0.05973988771438599,Argentina,0.49451920390129106,1.18529546260834,0.109457060694695,24,6.59899997711182,0.695137083530426,Latin America and Caribbean,1.44045114517212,2017
0.054000000000000006,Argentina,0.57,1.073,0.062,28,6.388,0.7440000000000001,Latin America and Caribbean,1.4680000000000002,2018
0.05,Argentina,0.47100000000000003,1.092,0.066,45,6.086,0.8809999999999999,Latin America and Caribbean,1.432,2019
0.02652,Czech Republic,0.46363999999999994,1.17898,0.10686,30,6.505,0.84483,Central and Eastern Europe,1.20643,2015
0.03986,Czech Republic,0.41418,1.30915,0.09929,26,6.596,0.76376,Central and Eastern Europe,1.00793,2016
0.0368729270994663,Czech Republic,0.49094617366790794,1.35268235206604,0.0881067588925362,23,6.60900020599365,0.754444003105164,Central and Eastern Europe,1.4338852167129499,2017
0.034,Czech Republic,0.5429999999999999,1.2329999999999999,0.064,21,6.711,0.8540000000000001,Central and Eastern Europe,1.489,2018
0.036000000000000004,Czech Republic,0.457,1.2690000000000001,0.046,20,6.852,0.92,Central and Eastern Europe,1.4869999999999999,2019
0.24558000000000002,Uruguay,0.6036199999999999,1.06166,0.2324,31,6.485,0.8116,Latin America and Caribbean,1.2089,2015
0.21394000000000002,Uruguay,0.54388,1.18157,0.18056,28,6.545,0.72183,Latin America and Caribbean,1.0314299999999998,2016
0.17806187272071802,Uruguay,0.5793922543525699,1.2175596952438401,0.175096929073334,28,6.4539999961853,0.719216823577881,Latin America and Caribbean,1.4122278690338101,2017
0.155,Uruguay,0.625,1.093,0.13,30,6.379,0.7709999999999999,Latin America and Caribbean,1.459,2018
0.15,Uruguay,0.523,1.124,0.127,32,6.292999999999999,0.8909999999999999,Latin America and Caribbean,1.465,2019
0.0512,Colombia,0.53466,0.91861,0.18400999999999998,32,6.477,0.69077,Latin America and Caribbean,1.2401799999999998,2015
0.053989999999999996,Colombia,0.44735,1.0303200000000001,0.15625999999999998,30,6.481,0.59659,Latin America and Caribbean,1.02169,2016
0.0466687418520451,Colombia,0.47748741507530196,1.07062232494354,0.14901447296142598,35,6.35699987411499,0.595027923583984,Latin America and Caribbean,1.4021829366683998,2017
0.039,Colombia,0.531,0.96,0.099,36,6.26,0.635,Latin America and Caribbean,1.439,2018
0.034,Colombia,0.47,0.985,0.099,41,6.125,0.841,Latin America and Caribbean,1.41,2019
0.031869999999999996,Thailand,0.5566399999999999,0.9669,0.512,33,6.455,0.7385,Southeastern Asia,1.26504,2015
0.02833,Thailand,0.49553,1.0893,0.512,32,6.474,0.64915,Southeastern Asia,1.04477,2016
0.0316127352416515,Thailand,0.580200731754303,1.12786877155304,0.512,32,6.4239997863769505,0.647239029407501,Southeastern Asia,1.4257924556732198,2017
0.028999999999999998,Thailand,0.637,1.016,0.364,44,6.072,0.7070000000000001,Southeastern Asia,1.4169999999999998,2018
0.027999999999999997,Thailand,0.557,1.05,0.359,50,6.007999999999999,0.828,Southeastern Asia,1.409,2019
0.3043163986802101,Saudi Arabia,0.31048000000000003,1.39541,0.13706,34,6.4110000000000005,0.72025,Middle East and Northern Africa,1.0839299999999998,2015
0.30008,Saudi Arabia,0.37904,1.48953,0.15457,33,6.379,0.59267,Middle East and Northern Africa,0.84829,2016
0.27343225479126004,Saudi Arabia,0.449750572443008,1.53062355518341,0.147616013884544,36,6.343999862670901,0.590148329734802,Middle East and Northern Africa,1.28667759895325,2017
0.127,Saudi Arabia,0.509,1.379,0.098,32,6.371,0.633,Middle East and Northern Africa,1.331,2018
0.132,Saudi Arabia,0.439,1.403,0.08,27,6.375,0.795,Middle East and Northern Africa,1.357,2019
0.06398,Spain,0.45951000000000003,1.23011,0.18227000000000002,35,6.329,0.95562,Western Europe,1.31379,2015
0.06137000000000001,Spain,0.37545,1.34253,0.17665,35,6.361000000000001,0.8789600000000001,Western Europe,1.12945,2016
0.0709140971302986,Spain,0.408781230449677,1.38439786434174,0.190133571624756,33,6.40299987792969,0.888960599899292,Western Europe,1.53209090232849,2017
0.07400000000000001,Spain,0.449,1.251,0.142,35,6.31,0.965,Western Europe,1.538,2018
0.079,Spain,0.36200000000000004,1.286,0.153,29,6.354,1.062,Western Europe,1.484,2019
0.13585999999999998,Malta,0.60365,1.2074,0.512,36,6.3020000000000005,0.88721,Western Europe,1.30203,2015
0.17554,Malta,0.54994,1.30782,0.512,29,6.4879999999999995,0.80315,Western Europe,1.09879,2016
0.153066068887711,Malta,0.588767051696777,1.34327983856201,0.512,27,6.52699995040894,0.821944236755371,Western Europe,1.48841166496277,2017
0.142,Malta,0.645,1.27,0.376,22,6.627000000000001,0.884,Western Europe,1.525,2018
0.151,Malta,0.564,1.3,0.375,22,6.726,0.9990000000000001,Western Europe,1.52,2019
0.25609,Kuwait,0.55499,1.5542200000000002,0.16228,37,6.295,0.72492,Middle East and Northern Africa,1.16594,2015
0.23669,Kuwait,0.43166000000000004,1.61714,0.15965,38,6.239,0.63569,Middle East and Northern Africa,0.8775799999999999,2016
0.21515955030918102,Kuwait,0.49633759260177596,1.63295245170593,0.228289797902107,37,6.10500001907349,0.6321057081222529,Middle East and Northern Africa,1.25969874858856,2017
0.106,Kuwait,0.5539999999999999,1.474,0.16699999999999998,43,6.082999999999999,0.675,Middle East and Northern Africa,1.301,2018
0.09699999999999999,Kuwait,0.493,1.5,0.142,49,6.021,0.8079999999999999,Middle East and Northern Africa,1.319,2019
0.11775999999999999,El Salvador,0.4035,0.76454,0.10692,38,6.13,0.67737,Latin America and Caribbean,1.0250700000000001,2015
0.10613,El Salvador,0.37269,0.8737,0.08877,42,6.068,0.596,Latin America and Caribbean,0.80975,2016
0.0899809598922729,El Salvador,0.432452529668808,0.9097844958305359,0.0782579854130745,43,6.002999782562259,0.596018552780151,Latin America and Caribbean,1.1821250915527302,2017
0.08199999999999999,El Salvador,0.461,0.8059999999999999,0.065,38,6.167000000000001,0.639,Latin America and Caribbean,1.2309999999999999,2018
0.07400000000000001,El Salvador,0.43,0.794,0.09300000000000001,34,6.252999999999999,0.789,Latin America and Caribbean,1.242,2019
0.09472,Guatemala,0.57733,0.74553,0.27489,39,6.122999999999999,0.64425,Latin America and Caribbean,1.04356,2015
0.08701,Guatemala,0.50379,0.83454,0.28808,37,6.324,0.5403899999999999,Latin America and Caribbean,0.8711899999999999,2016
0.0772232785820961,Guatemala,0.5313106179237371,0.872001945972443,0.283488392829895,29,6.4539999961853,0.540239989757538,Latin America and Caribbean,1.25558519363403,2017
0.071,Guatemala,0.604,0.7809999999999999,0.179,29,6.382000000000001,0.608,Latin America and Caribbean,1.268,2018
0.078,Guatemala,0.535,0.8,0.175,26,6.436,0.746,Latin America and Caribbean,1.2690000000000001,2019
0.3043163986802101,Uzbekistan,0.6582100000000001,0.63244,0.22837,40,6.002999999999999,0.59772,Central and Eastern Europe,1.34043,2015
0.28333,Uzbekistan,0.60848,0.7359100000000001,0.34326,45,5.987,0.50163,Central and Eastern Europe,1.1681,2016
0.246528223156929,Uzbekistan,0.6582486629486078,0.786441087722778,0.41598364710807795,45,5.97100019454956,0.498272627592087,Central and Eastern Europe,1.5489691495895401,2017
0.259,Uzbekistan,0.7240000000000001,0.7190000000000001,0.32799999999999996,42,6.096,0.605,Central and Eastern Europe,1.584,2018
0.24,Uzbekistan,0.631,0.745,0.322,39,6.1739999999999995,0.7559999999999999,Central and Eastern Europe,1.5290000000000001,2019
0.03431,Slovakia,0.31751,1.1689100000000001,0.16893,41,5.995,0.7890199999999999,Central and Eastern Europe,1.26999,2015
0.02947,Slovakia,0.23390999999999998,1.27973,0.13837,41,6.077999999999999,0.70367,Central and Eastern Europe,1.0826799999999999,2016
0.0242108516395092,Slovakia,0.295817464590073,1.32539355754852,0.136544480919838,38,6.09800004959106,0.712732911109924,Central and Eastern Europe,1.5050592422485398,2017
0.013999999999999999,Slovakia,0.354,1.21,0.11800000000000001,37,6.172999999999999,0.7759999999999999,Central and Eastern Europe,1.537,2018
0.013999999999999999,Slovakia,0.33399999999999996,1.246,0.121,37,6.1979999999999995,0.8809999999999999,Central and Eastern Europe,1.504,2019
0.1806,Japan,0.49615,1.27074,0.10705,42,5.987,0.99111,Eastern Asia,1.25712,2015
0.18985,Japan,0.46761,1.3800700000000001,0.10224,48,5.921,0.91491,Eastern Asia,1.06054,2016
0.163760736584663,Japan,0.505625545978546,1.41691517829895,0.12057276815175999,48,5.92000007629395,0.9134758710861209,Eastern Asia,1.43633782863617,2017
0.15,Japan,0.5529999999999999,1.294,0.079,51,5.915,0.988,Eastern Asia,1.462,2018
0.14,Japan,0.445,1.327,0.069,56,5.886,1.088,Eastern Asia,1.419,2019
0.07857,South Korea,0.33208000000000004,1.24461,0.18557,43,5.984,0.9653799999999999,Eastern Asia,0.9577399999999999,2015
0.07716,South Korea,0.25168,1.35948,0.18824000000000002,52,5.835,0.88645,Eastern Asia,0.7219399999999999,2016
0.0632826685905457,South Korea,0.257921665906906,1.40167844295502,0.206674367189407,52,5.837999820709231,0.900214076042175,Eastern Asia,1.1282744407653797,2017
0.051,South Korea,0.244,1.266,0.175,54,5.875,0.955,Eastern Asia,1.204,2018
0.055999999999999994,South Korea,0.159,1.301,0.175,52,5.895,1.036,Eastern Asia,1.219,2019
0.1809,Ecuador,0.48573999999999995,0.8640200000000001,0.11540999999999998,44,5.975,0.79075,Latin America and Caribbean,0.99903,2015
0.18037,Ecuador,0.4027,0.97306,0.10074,47,5.976,0.68613,Latin America and Caribbean,0.85974,2016
0.140134647488594,Ecuador,0.4551981985569,1.00082039833069,0.15011246502399403,42,6.00799989700317,0.685636222362518,Latin America and Caribbean,1.2861688137054401,2017
0.12,Ecuador,0.556,0.889,0.114,46,5.973,0.736,Latin America and Caribbean,1.33,2018
0.087,Ecuador,0.498,0.912,0.126,48,6.028,0.868,Latin America and Caribbean,1.3119999999999998,2019
0.3043163986802101,Bahrain,0.45492,1.32376,0.17362,45,5.96,0.74716,Middle East and Northern Africa,1.21624,2015
0.25772,Bahrain,0.47375,1.44024,0.17147,39,6.218,0.65696,Middle East and Northern Africa,0.9439700000000001,2016
0.257042169570923,Bahrain,0.536746919155121,1.4884122610092199,0.17266848683357197,39,6.08699989318848,0.653133034706116,Middle East and Northern Africa,1.3231104612350502,2017
0.12300000000000001,Bahrain,0.594,1.338,0.243,41,6.105,0.698,Middle East and Northern Africa,1.3659999999999999,2018
0.11,Bahrain,0.536,1.3619999999999999,0.255,36,6.199,0.871,Middle East and Northern Africa,1.368,2019
0.02901,Italy,0.26236,1.25114,0.22823000000000002,46,5.9479999999999995,0.9544600000000001,Western Europe,1.19777,2015
0.02556,Italy,0.18827,1.35495,0.16684000000000002,46,5.977,0.8510200000000001,Western Europe,1.04167,2016
0.0280280914157629,Italy,0.256450712680817,1.3950666189193701,0.17278964817523998,46,5.96400022506714,0.8531443476676941,Western Europe,1.44492328166962,2017
0.027999999999999997,Italy,0.281,1.264,0.13699999999999998,45,6.0,0.946,Western Europe,1.501,2018
0.03,Italy,0.231,1.294,0.158,35,6.223,1.0390000000000001,Western Europe,1.4880000000000002,2019
0.08800000000000001,Bolivia,0.57414,0.68133,0.20536,47,5.89,0.5392,Latin America and Caribbean,0.97841,2015
0.07746,Bolivia,0.50961,0.79422,0.21698,54,5.822,0.4697,Latin America and Caribbean,0.8377899999999999,2016
0.0604777261614799,Bolivia,0.5587329268455511,0.833756566047668,0.22556072473526,55,5.82299995422363,0.47363024950027505,Latin America and Caribbean,1.2276190519332901,2017
0.054000000000000006,Bolivia,0.606,0.7509999999999999,0.141,58,5.752000000000001,0.508,Latin America and Caribbean,1.2229999999999999,2018
0.064,Bolivia,0.511,0.7759999999999999,0.13699999999999998,59,5.779,0.706,Latin America and Caribbean,1.209,2019
0.01615,Moldova,0.32818,0.59448,0.20951,48,5.888999999999999,0.61826,Central and Eastern Europe,1.01528,2015
0.019030000000000002,Moldova,0.25201999999999997,0.69177,0.19997,50,5.897,0.5230899999999999,Central and Eastern Europe,0.8313200000000001,2016
0.0100912861526012,Moldova,0.24072904884815197,0.7288706302642819,0.20877912640571603,53,5.837999820709231,0.5894652009010309,Central and Eastern Europe,1.25182557106018,2017
0.0,Moldova,0.23199999999999998,0.657,0.171,63,5.64,0.62,Central and Eastern Europe,1.301,2018
0.0,Moldova,0.245,0.685,0.18100000000000002,68,5.529,0.7390000000000001,Central and Eastern Europe,1.328,2019
0.08242000000000001,Paraguay,0.53899,0.75985,0.3424,49,5.877999999999999,0.66098,Latin America and Caribbean,1.30477,2015
0.07396,Paraguay,0.46235,0.8937299999999999,0.25296,64,5.537999999999999,0.58295,Latin America and Caribbean,1.11111,2016
0.091065913438797,Paraguay,0.473507791757584,0.932537317276001,0.224150657653809,66,5.493000030517581,0.579250693321228,Latin America and Caribbean,1.50728487968445,2017
0.07400000000000001,Paraguay,0.541,0.835,0.162,60,5.681,0.615,Latin America and Caribbean,1.5219999999999998,2018
0.08,Paraguay,0.514,0.855,0.184,61,5.742999999999999,0.777,Latin America and Caribbean,1.475,2019
0.08454,Kazakhstan,0.51649,1.1225399999999999,0.11827,50,5.855,0.64368,Central and Eastern Europe,1.1224100000000001,2015
0.11132,Kazakhstan,0.4052,1.22943,0.15011,49,5.919,0.57386,Central and Eastern Europe,0.95544,2016
0.11928288638591802,Kazakhstan,0.43745428323745705,1.2845562696456898,0.20196442306041698,57,5.8189997673034695,0.6060415506362921,Central and Eastern Europe,1.3843690156936599,2017
0.121,Kazakhstan,0.45399999999999996,1.143,0.14800000000000002,56,5.79,0.631,Central and Eastern Europe,1.516,2018
0.096,Kazakhstan,0.41,1.173,0.146,58,5.809,0.7290000000000001,Central and Eastern Europe,1.508,2019
0.03787,Slovenia,0.60855,1.18498,0.25328,51,5.848,0.8733700000000001,Central and Eastern Europe,1.27385,2015
0.03635,Slovenia,0.53164,1.2994700000000001,0.25738,57,5.768,0.79151,Central and Eastern Europe,1.05613,2016
0.0451289787888527,Slovenia,0.572575807571411,1.3412059545516999,0.242649093270302,58,5.75799989700317,0.7908282279968258,Central and Eastern Europe,1.4525188207626298,2017
0.051,Slovenia,0.633,1.219,0.16,48,5.9479999999999995,0.856,Central and Eastern Europe,1.506,2018
0.057,Slovenia,0.564,1.258,0.14400000000000002,42,6.117999999999999,0.953,Central and Eastern Europe,1.5230000000000001,2019
0.01031,Lithuania,0.21341999999999997,1.14723,0.026410000000000003,52,5.832999999999999,0.73128,Central and Eastern Europe,1.25745,2015
0.0182,Lithuania,0.18929,1.2692,0.02025,55,5.813,0.64674,Central and Eastern Europe,1.0641100000000001,2016
0.0118656428530812,Lithuania,0.234231784939766,1.3145823478698702,0.010164656676352,49,5.90199995040894,0.62894994020462,Central and Eastern Europe,1.47351610660553,2017
0.006,Lithuania,0.35,1.197,0.026000000000000002,47,5.952000000000001,0.716,Central and Eastern Europe,1.527,2018
0.042,Lithuania,0.29100000000000004,1.238,0.043,40,6.149,0.818,Central and Eastern Europe,1.515,2019
0.19317,Nicaragua,0.55475,0.59325,0.27815,53,5.827999999999999,0.7431399999999999,Latin America and Caribbean,1.14184,2015
0.16292,Nicaragua,0.46581999999999996,0.69384,0.29773,44,5.992000000000001,0.65213,Latin America and Caribbean,0.8952100000000001,2016
0.130687981843948,Nicaragua,0.447551846504211,0.737299203872681,0.301674216985703,41,6.07100009918213,0.6530959606170649,Latin America and Caribbean,1.28721570968628,2017
0.128,Nicaragua,0.527,0.6679999999999999,0.20800000000000002,39,6.141,0.7,Latin America and Caribbean,1.319,2018
0.127,Nicaragua,0.435,0.6940000000000001,0.2,43,6.105,0.835,Latin America and Caribbean,1.325,2019
0.05989,Peru,0.41496000000000005,0.9001899999999999,0.14982,54,5.824,0.73017,Latin America and Caribbean,0.97459,2015
0.05292,Peru,0.37501999999999996,0.9960200000000001,0.14527,58,5.742999999999999,0.6299399999999999,Latin America and Caribbean,0.81255,2016
0.0470490865409374,Peru,0.45000287890434293,1.0352252721786501,0.126819714903831,59,5.71500015258789,0.6301661133766171,Latin America and Caribbean,1.21877038478851,2017
0.034,Peru,0.53,0.934,0.092,61,5.662999999999999,0.674,Latin America and Caribbean,1.249,2018
0.027000000000000003,Peru,0.455,0.96,0.083,62,5.697,0.8540000000000001,Latin America and Caribbean,1.274,2019
0.1909,Belarus,0.37938,1.0319200000000002,0.11045999999999999,55,5.813,0.7360800000000001,Central and Eastern Europe,1.23289,2015
0.17457,Belarus,0.29091,1.1306200000000002,0.13942000000000002,56,5.8020000000000005,0.6310399999999999,Central and Eastern Europe,1.04993,2016
0.156313821673393,Belarus,0.295400261878967,1.15655755996704,0.15513750910759,63,5.5689997673034695,0.6377142667770389,Central and Eastern Europe,1.4449452161788898,2017
0.154,Belarus,0.307,1.0390000000000001,0.10099999999999999,69,5.483,0.7,Central and Eastern Europe,1.4980000000000002,2018
0.142,Belarus,0.235,1.067,0.094,77,5.3229999999999995,0.789,Central and Eastern Europe,1.465,2019
0.04212,Poland,0.53122,1.12555,0.16759000000000002,56,5.791,0.77903,Central and Eastern Europe,1.27948,2015
0.055,Poland,0.4519,1.24585,0.14443,53,5.835,0.69058,Central and Eastern Europe,1.04685,2016
0.0593078061938286,Poland,0.520342111587524,1.29178786277771,0.158465966582298,44,5.97300004959106,0.699475347995758,Central and Eastern Europe,1.44571197032928,2017
0.064,Poland,0.546,1.176,0.10800000000000001,40,6.122999999999999,0.7809999999999999,Central and Eastern Europe,1.4480000000000002,2018
0.05,Poland,0.483,1.206,0.11699999999999999,38,6.182,0.884,Central and Eastern Europe,1.4380000000000002,2019
0.10500999999999999,Malaysia,0.5302399999999999,1.12486,0.33075,57,5.77,0.7239399999999999,Southeastern Asia,1.07023,2015
0.09081,Malaysia,0.39031,1.25142,0.41473999999999994,43,6.005,0.62366,Southeastern Asia,0.88025,2016
0.0656007081270218,Malaysia,0.40226498246192893,1.29121541976929,0.416608929634094,40,6.08400011062622,0.618784427642822,Southeastern Asia,1.28464603424072,2017
0.059000000000000004,Malaysia,0.35600000000000004,1.161,0.311,34,6.322,0.669,Southeastern Asia,1.258,2018
0.024,Malaysia,0.508,1.2209999999999999,0.26,76,5.3389999999999995,0.828,Southeastern Asia,1.171,2019
0.0243,Croatia,0.25883,1.08254,0.054439999999999995,58,5.7589999999999995,0.78805,Central and Eastern Europe,0.79624,2015
0.04002,Croatia,0.23906999999999998,1.18649,0.18434,68,5.4879999999999995,0.70524,Central and Eastern Europe,0.6080899999999999,2016
0.0431031100451946,Croatia,0.255772292613983,1.22255623340607,0.248002976179123,72,5.2930002212524405,0.701288521289825,Central and Eastern Europe,0.9679830074310299,2017
0.039,Croatia,0.38,1.115,0.12,77,5.321000000000001,0.737,Central and Eastern Europe,1.161,2018
0.022000000000000002,Croatia,0.29600000000000004,1.155,0.11900000000000001,72,5.432,0.914,Central and Eastern Europe,1.266,2019
0.11023,Libya,0.41668,1.13145,0.18295,59,5.754,0.7038,Middle East and Northern Africa,1.1186200000000002,2015
0.10339000000000001,Libya,0.40671999999999997,1.0668799999999998,0.17087,61,5.615,0.52304,Middle East and Northern Africa,0.95076,2016
0.0926102101802826,Libya,0.465733230113983,1.1018030643463101,0.15207366645336198,64,5.525000095367429,0.520169019699097,Middle East and Northern Africa,1.3575643301010099,2017
0.14800000000000002,Libya,0.496,0.985,0.11599999999999999,66,5.566,0.5529999999999999,Middle East and Northern Africa,1.35,2018
0.152,Libya,0.41600000000000004,1.044,0.133,69,5.525,0.6729999999999999,Middle East and Northern Africa,1.3030000000000002,2019
0.03005,Russia,0.36679,1.13764,0.00199,60,5.716,0.6692600000000001,Central and Eastern Europe,1.23617,2015
0.03586,Russia,0.32682,1.2322799999999998,0.027360000000000002,51,5.856,0.58991,Central and Eastern Europe,1.05261,2016
0.0329628810286522,Russia,0.373783111572266,1.28177809715271,0.0522638224065304,47,5.962999820709231,0.547349333763123,Central and Eastern Europe,1.46928238868713,2017
0.025,Russia,0.39899999999999997,1.151,0.065,55,5.81,0.599,Central and Eastern Europe,1.479,2018
0.031,Russia,0.33399999999999996,1.183,0.08199999999999999,65,5.648,0.726,Central and Eastern Europe,1.452,2019
0.02299,Jamaica,0.50442,0.81038,0.2123,61,5.709,0.6874100000000001,Latin America and Caribbean,1.1510200000000002,2015
0.04294,Jamaica,0.43596999999999997,0.89333,0.22245,67,5.51,0.5946899999999999,Latin America and Caribbean,0.96372,2016
0.0552677810192108,Jamaica,0.474307239055634,0.925579309463501,0.23381833732128102,71,5.31099987030029,0.6410223841667181,Latin America and Caribbean,1.3682180643081698,2017
0.031,Jamaica,0.575,0.8190000000000001,0.096,53,5.89,0.693,Latin America and Caribbean,1.493,2018
0.027999999999999997,Jamaica,0.49,0.831,0.107,54,5.89,0.831,Latin America and Caribbean,1.4780000000000002,2019
0.06146,Cyprus,0.40671999999999997,1.20813,0.30638000000000004,62,5.689,0.92356,Western Europe,0.89318,2015
0.05227999999999999,Cyprus,0.29507,1.31857,0.27906,63,5.546,0.8488,Western Europe,0.70697,2016
0.0412379764020443,Cyprus,0.35511153936386103,1.3559380769729599,0.271254301071167,61,5.62099981307983,0.84471470117569,Western Europe,1.13136327266693,2017
0.035,Cyprus,0.423,1.229,0.20199999999999999,57,5.7620000000000005,0.909,Western Europe,1.1909999999999998,2018
0.040999999999999995,Cyprus,0.406,1.263,0.19,47,6.046,1.042,Western Europe,1.2229999999999999,2019
0.17382999999999998,Algeria,0.28579,0.93929,0.07822,63,5.605,0.61766,Middle East and Northern Africa,1.07772,2015
0.16157,Algeria,0.21006,1.05266,0.07044,36,6.355,0.6180399999999999,Middle East and Northern Africa,0.83309,2016
0.14609611034393302,Algeria,0.233335807919502,1.09186446666718,0.0694366469979286,50,5.872000217437741,0.6175846457481379,Middle East and Northern Africa,1.1462174654007,2017
0.135,Algeria,0.077,0.9790000000000001,0.055,79,5.295,0.687,Middle East and Northern Africa,1.1540000000000001,2018
0.114,Algeria,0.086,1.002,0.073,83,5.211,0.785,Middle East and Northern Africa,1.16,2019
0.04741,Kosovo,0.24749000000000002,0.80148,0.2831,64,5.5889999999999995,0.63132,Central and Eastern Europe,0.81198,2015
0.06547,Kosovo,0.14396,0.90145,0.27992,69,5.401,0.54,Central and Eastern Europe,0.66062,2016
0.0574716180562973,Kosovo,0.260287940502167,0.951484382152557,0.319931447505951,73,5.27899980545044,0.541452050209045,Central and Eastern Europe,1.1378535032272301,2017
0.023,Kosovo,0.44799999999999995,0.855,0.27399999999999997,62,5.662000000000001,0.578,Central and Eastern Europe,1.23,2018
0.006,Kosovo,0.489,0.882,0.262,44,6.1,0.758,Central and Eastern Europe,1.232,2019
0.3043163986802101,Turkmenistan,0.4761,0.95847,0.16979,65,5.547999999999999,0.53886,Central and Eastern Europe,1.22668,2015
0.28467,Turkmenistan,0.37408,1.08017,0.22566999999999998,59,5.6579999999999995,0.44006000000000006,Central and Eastern Europe,1.03817,2016
0.25927034020423895,Turkmenistan,0.41827192902565,1.1307767629623402,0.24992498755454998,56,5.82200002670288,0.437726080417633,Central and Eastern Europe,1.49314916133881,2017
0.037000000000000005,Turkmenistan,0.41700000000000004,1.016,0.19899999999999998,64,5.636,0.517,Central and Eastern Europe,1.5330000000000001,2018
0.027999999999999997,Turkmenistan,0.39399999999999996,1.052,0.244,82,5.247000000000001,0.657,Central and Eastern Europe,1.538,2019
0.07521,Mauritius,0.56066,1.0076100000000001,0.37744,66,5.477,0.7095,Sub-Saharan Africa,0.98521,2015
0.05202999999999999,Mauritius,0.46145,1.14372,0.36951,60,5.648,0.66189,Sub-Saharan Africa,0.75695,2016
0.0421815551817417,Mauritius,0.491247326135635,1.1893955469131499,0.360933750867844,60,5.62900018692017,0.6380074620246889,Sub-Saharan Africa,1.20956099033356,2017
0.05,Mauritius,0.584,1.09,0.245,52,5.891,0.684,Sub-Saharan Africa,1.3869999999999998,2018
0.06,Mauritius,0.498,1.12,0.215,55,5.888,0.7979999999999999,Sub-Saharan Africa,1.402,2019
0.15184,Estonia,0.44888,1.15174,0.0868,67,5.428999999999999,0.77361,Central and Eastern Europe,1.22791,2015
0.18519000000000002,Estonia,0.41511000000000003,1.2796399999999999,0.08423,66,5.517,0.68098,Central and Eastern Europe,1.0516299999999998,2016
0.18324892222881303,Estonia,0.479131430387497,1.3208793401718102,0.0988908112049103,62,5.61100006103516,0.695168316364288,Central and Eastern Europe,1.47667109966278,2017
0.174,Estonia,0.5529999999999999,1.2,0.086,59,5.739,0.737,Central and Eastern Europe,1.5319999999999998,2018
0.161,Estonia,0.495,1.237,0.10300000000000001,53,5.893,0.8740000000000001,Central and Eastern Europe,1.528,2019
0.0,Indonesia,0.46611,0.8282700000000001,0.512,68,5.399,0.63793,Southeastern Asia,1.0870799999999998,2015
0.00322,Indonesia,0.39237,0.95104,0.512,71,5.314,0.49373999999999996,Southeastern Asia,0.87625,2016
0.0153171354904771,Indonesia,0.443323463201523,0.995538592338562,0.512,76,5.26200008392334,0.49234572052955605,Southeastern Asia,1.2744446992874099,2017
0.018000000000000002,Indonesia,0.5379999999999999,0.899,0.484,90,5.093,0.522,Southeastern Asia,1.215,2018
0.027999999999999997,Indonesia,0.491,0.9309999999999999,0.498,87,5.192,0.66,Southeastern Asia,1.203,2019
0.10440999999999999,Vietnam,0.59444,0.63216,0.1686,69,5.36,0.7467600000000001,Southeastern Asia,0.9122600000000001,2015
0.11556,Vietnam,0.5595399999999999,0.74037,0.25075,87,5.061,0.66157,Southeastern Asia,0.7911699999999999,2016
0.0876332372426987,Vietnam,0.571055591106415,0.7885475754737851,0.23496805131435397,87,5.07399988174438,0.6521689891815191,Southeastern Asia,1.27749133110046,2017
0.079,Vietnam,0.618,0.715,0.177,89,5.103,0.7020000000000001,Southeastern Asia,1.365,2018
0.073,Vietnam,0.5429999999999999,0.741,0.147,89,5.175,0.851,Southeastern Asia,1.3459999999999999,2019
0.15746,Turkey,0.22815,1.06098,0.12253,70,5.332000000000001,0.73172,Middle East and Northern Africa,0.94632,2015
0.12347999999999999,Turkey,0.23889000000000002,1.1649200000000002,0.04707,70,5.388999999999999,0.64718,Middle East and Northern Africa,0.8771700000000001,2016
0.0996715798974037,Turkey,0.300740599632263,1.1982743740081798,0.0466930419206619,65,5.5,0.6376056075096129,Middle East and Northern Africa,1.33775317668915,2017
0.109,Turkey,0.324,1.148,0.106,70,5.483,0.6859999999999999,Middle East and Northern Africa,1.38,2018
0.106,Turkey,0.195,1.183,0.083,75,5.372999999999999,0.8079999999999999,Middle East and Northern Africa,1.36,2019
0.042319999999999997,Kyrgyzstan,0.43477,0.47428000000000003,0.3003,71,5.2860000000000005,0.65088,Central and Eastern Europe,1.15115,2015
0.047619999999999996,Kyrgyzstan,0.40212,0.5604399999999999,0.38432,77,5.185,0.5544899999999999,Central and Eastern Europe,0.95434,2016
0.0394391790032387,Kyrgyzstan,0.454943388700485,0.5962200760841371,0.42858037352562,91,5.0040001869201705,0.553457796573639,Central and Eastern Europe,1.39423859119415,2017
0.035,Kyrgyzstan,0.54,0.53,0.281,86,5.131,0.594,Central and Eastern Europe,1.416,2018
0.023,Kyrgyzstan,0.508,0.551,0.3,81,5.261,0.723,Central and Eastern Europe,1.4380000000000002,2019
0.0403,Nigeria,0.34334000000000003,0.65435,0.27233,72,5.268,0.16007000000000002,Sub-Saharan Africa,0.9043200000000001,2015
0.0305,Nigeria,0.27854,0.75216,0.23219,92,4.875,0.05108,Sub-Saharan Africa,0.64498,2016
0.0261215660721064,Nigeria,0.394952565431595,0.783756256103516,0.23094719648361198,88,5.07399988174438,0.0569157302379608,Sub-Saharan Africa,1.21577048301697,2017
0.032,Nigeria,0.462,0.6890000000000001,0.201,85,5.155,0.048,Sub-Saharan Africa,1.172,2018
0.040999999999999995,Nigeria,0.426,0.696,0.215,80,5.265,0.245,Sub-Saharan Africa,1.111,2019
0.15445,Bhutan,0.5320600000000001,0.77042,0.47998,73,5.252999999999999,0.57407,Southern Asia,1.10395,2015
0.1616,Bhutan,0.46074,0.8527,0.48546000000000006,76,5.196000000000001,0.49759,Southern Asia,0.9083600000000001,2016
0.17338038980960802,Bhutan,0.5015376806259161,0.885416388511658,0.474054545164108,90,5.01100015640259,0.495879292488098,Southern Asia,1.3401265144348102,2017
0.171,Bhutan,0.541,0.7959999999999999,0.364,91,5.082,0.527,Southern Asia,1.335,2018
0.16699999999999998,Bhutan,0.457,0.813,0.37,90,5.082,0.604,Southern Asia,1.321,2019
0.16065,Azerbaijan,0.3703,1.02389,0.07799,74,5.212000000000001,0.64045,Central and Eastern Europe,0.9379299999999999,2015
0.17914000000000002,Azerbaijan,0.35327,1.12373,0.0564,73,5.291,0.54504,Central and Eastern Europe,0.76042,2016
0.180987507104874,Azerbaijan,0.39815583825111406,1.1536017656326298,0.0452693402767181,80,5.234000205993651,0.5407757759094239,Central and Eastern Europe,1.15240025520325,2017
0.17600000000000002,Azerbaijan,0.43,1.024,0.031,82,5.2010000000000005,0.603,Central and Eastern Europe,1.161,2018
0.182,Azerbaijan,0.35100000000000003,1.043,0.035,85,5.207999999999999,0.769,Central and Eastern Europe,1.147,2019
0.10464000000000001,Pakistan,0.12102,0.59543,0.33671,75,5.194,0.51466,Southern Asia,0.41411000000000003,2015
0.1388,Pakistan,0.14622000000000002,0.68816,0.31185,84,5.132000000000001,0.40306,Southern Asia,0.26135,2016
0.12434806674718901,Pakistan,0.23521526157856,0.7268835306167599,0.31544601917266807,75,5.26900005340576,0.40204778313636796,Southern Asia,0.6726906895637509,2017
0.113,Pakistan,0.33399999999999996,0.652,0.21600000000000003,71,5.472,0.424,Southern Asia,0.81,2018
0.098,Pakistan,0.313,0.677,0.22,64,5.653,0.535,Southern Asia,0.8859999999999999,2019
0.14293,Jordan,0.40660999999999997,0.9019799999999999,0.11052999999999999,76,5.192,0.69639,Middle East and Northern Africa,1.05392,2015
0.13297,Jordan,0.36023,0.9967299999999999,0.14262,72,5.303,0.60712,Middle East and Northern Africa,0.86216,2016
0.11980327218771002,Jordan,0.418421149253845,0.9910123944282528,0.17217046022415197,69,5.33599996566772,0.6045900583267211,Middle East and Northern Africa,1.2390888929367099,2017
0.134,Jordan,0.46799999999999997,0.8220000000000001,0.13,84,5.1610000000000005,0.645,Middle East and Northern Africa,1.265,2018
0.13,Jordan,0.38299999999999995,0.8370000000000001,0.11,96,4.906000000000001,0.815,Middle East and Northern Africa,1.225,2019
0.14296,Montenegro,0.1826,0.9743799999999999,0.1614,77,5.192,0.72521,Central and Eastern Europe,0.9055700000000001,2015
0.12721,Montenegro,0.15111,1.07838,0.17190999999999998,80,5.1610000000000005,0.6353300000000001,Central and Eastern Europe,0.74173,2016
0.0881741940975189,Montenegro,0.194989055395126,1.12112903594971,0.197911024093628,78,5.23699998855591,0.6674646735191351,Central and Eastern Europe,1.23837649822235,2017
0.081,Montenegro,0.259,1.0170000000000001,0.111,76,5.347,0.7290000000000001,Central and Eastern Europe,1.2790000000000001,2018
0.08,Montenegro,0.19699999999999998,1.051,0.142,70,5.523,0.871,Central and Eastern Europe,1.361,2019
0.02781,China,0.5169699999999999,0.89012,0.08185,78,5.14,0.81658,Eastern Asia,0.94675,2015
0.02745,China,0.44011999999999996,1.0278,0.049589999999999995,75,5.245,0.73561,Eastern Asia,0.79381,2016
0.0227942746132612,China,0.47278770804405196,1.08116579055786,0.0288068410009146,74,5.2729997634887695,0.741415500640869,Eastern Asia,1.16083741188049,2017
0.10300000000000001,China,0.597,0.9890000000000001,0.028999999999999998,81,5.246,0.799,Eastern Asia,1.1420000000000001,2018
0.1,China,0.521,1.0290000000000001,0.057999999999999996,88,5.191,0.893,Eastern Asia,1.125,2019
0.12468,Zambia,0.48827,0.47038,0.19591,79,5.129,0.29924,Sub-Saharan Africa,0.91612,2015
0.11479,Zambia,0.42662,0.61202,0.17865999999999999,95,4.795,0.23573000000000002,Sub-Saharan Africa,0.6376,2016
0.0782135501503944,Zambia,0.461603492498398,0.6364067792892459,0.249580144882202,107,4.513999938964839,0.25783589482307395,Sub-Saharan Africa,1.00318729877472,2017
0.08199999999999999,Zambia,0.503,0.562,0.221,115,4.377,0.295,Sub-Saharan Africa,1.047,2018
0.087,Zambia,0.431,0.578,0.247,127,4.107,0.426,Sub-Saharan Africa,1.058,2019
0.006490000000000001,Romania,0.35068,1.04345,0.13748,80,5.124,0.7689,Central and Eastern Europe,0.8858799999999999,2015
0.006790000000000001,Romania,0.36712,1.1697,0.12889,65,5.528,0.67602,Central and Eastern Europe,0.7280300000000001,2016
0.0043879006989300294,Romania,0.457003742456436,1.21768391132355,0.133519917726517,54,5.824999809265139,0.6851583123207089,Central and Eastern Europe,1.15009129047394,2017
0.001,Romania,0.528,1.1159999999999999,0.08800000000000001,49,5.945,0.726,Central and Eastern Europe,1.219,2018
0.005,Romania,0.462,1.162,0.083,46,6.07,0.825,Central and Eastern Europe,1.232,2019
0.02617,Serbia,0.20107,0.92053,0.19230999999999998,81,5.122999999999999,0.74836,Central and Eastern Europe,1.0096399999999999,2015
0.04339,Serbia,0.15718,1.03437,0.20736999999999997,78,5.1770000000000005,0.6458,Central and Eastern Europe,0.81329,2016
0.0409037806093693,Serbia,0.20871552824974102,1.06931757926941,0.22012588381767298,68,5.39499998092651,0.65078467130661,Central and Eastern Europe,1.2581897974014298,2017
0.043,Serbia,0.28800000000000003,0.975,0.134,73,5.398,0.685,Central and Eastern Europe,1.369,2018
0.039,Serbia,0.282,1.004,0.13699999999999998,67,5.603,0.8540000000000001,Central and Eastern Europe,1.383,2019
0.01078,Portugal,0.51469,1.15991,0.13719,82,5.102,0.8751899999999999,Western Europe,1.13935,2015
0.01521,Portugal,0.44727,1.27607,0.11690999999999999,86,5.122999999999999,0.7936300000000001,Western Europe,0.9436700000000001,2016
0.0158694516867399,Portugal,0.498465299606323,1.3151752948761002,0.0951027125120163,84,5.19500017166138,0.795843541622162,Western Europe,1.36704301834106,2017
0.017,Portugal,0.562,1.188,0.055,72,5.41,0.884,Western Europe,1.429,2018
0.025,Portugal,0.508,1.2209999999999999,0.047,63,5.693,0.9990000000000001,Western Europe,1.431,2019
0.06332,Latvia,0.29671,1.11312,0.18225999999999998,83,5.098,0.72437,Central and Eastern Europe,1.09562,2015
0.0889,Latvia,0.27996,1.2178799999999999,0.17445,62,5.56,0.63952,Central and Eastern Europe,0.95025,2016
0.0738427266478539,Latvia,0.32570791244506797,1.26074862480164,0.153074786067009,51,5.849999904632571,0.638566970825195,Central and Eastern Europe,1.40471494197845,2017
0.066,Latvia,0.363,1.148,0.092,50,5.933,0.6709999999999999,Central and Eastern Europe,1.454,2018
0.064,Latvia,0.264,1.187,0.075,51,5.94,0.812,Central and Eastern Europe,1.465,2019
0.12279000000000001,Philippines,0.62545,0.70532,0.24991,84,5.073,0.58114,Southeastern Asia,1.03516,2015
0.11757000000000001,Philippines,0.5485399999999999,0.81217,0.21674000000000002,74,5.279,0.47036000000000006,Southeastern Asia,0.87877,2016
0.0993318930268288,Philippines,0.585214674472809,0.85769921541214,0.193513423204422,67,5.42999982833862,0.46800905466079706,Southeastern Asia,1.25391757488251,2017
0.105,Philippines,0.643,0.775,0.12,67,5.524,0.513,Southeastern Asia,1.3119999999999998,2018
0.107,Philippines,0.5579999999999999,0.807,0.11699999999999999,66,5.631,0.657,Southeastern Asia,1.2930000000000001,2019
0.08546000000000001,Morocco,0.41691000000000006,0.7347899999999999,0.07172,85,5.013,0.60954,Middle East and Northern Africa,0.64095,2015
0.08404,Morocco,0.25645999999999997,0.8405799999999999,0.040530000000000004,82,5.151,0.5947100000000001,Middle East and Northern Africa,0.38595,2016
0.0877631828188896,Morocco,0.408158332109451,0.8781145811080929,0.0322099551558495,79,5.2350001335144,0.59771066904068,Middle East and Northern Africa,0.774864435195923,2017
0.07400000000000001,Morocco,0.46,0.779,0.026000000000000002,80,5.254,0.669,Middle East and Northern Africa,0.797,2018
0.076,Morocco,0.418,0.8009999999999999,0.036000000000000004,84,5.207999999999999,0.782,Middle East and Northern Africa,0.782,2019
0.06412999999999999,Albania,0.35733000000000004,0.8786700000000001,0.14272,86,4.959,0.81325,Central and Eastern Europe,0.8043399999999999,2015
0.05301,Albania,0.31866,0.9553,0.1684,98,4.655,0.73007,Central and Eastern Europe,0.50163,2016
0.0398642159998417,Albania,0.381498634815216,0.996192753314972,0.20131294429302202,102,4.64400005340576,0.731159746646881,Central and Eastern Europe,0.8036852478981021,2017
0.032,Albania,0.419,0.9159999999999999,0.149,104,4.586,0.79,Central and Eastern Europe,0.8170000000000001,2018
0.027000000000000003,Albania,0.38299999999999995,0.9470000000000001,0.17800000000000002,101,4.718999999999999,0.8740000000000001,Central and Eastern Europe,0.848,2019
0.00227,Bosnia and Herzegovina,0.09245,0.8322299999999999,0.24808000000000002,87,4.949,0.79081,Central and Eastern Europe,0.9191600000000001,2015
0.0,Bosnia and Herzegovina,0.09511,0.9338299999999999,0.29889,79,5.162999999999999,0.7076600000000001,Central and Eastern Europe,0.64367,2016
0.0,Bosnia and Herzegovina,0.204403176903725,0.982409417629242,0.328867495059967,85,5.18200016021729,0.705186307430267,Central and Eastern Europe,1.0693359375,2017
0.0,Bosnia and Herzegovina,0.28,0.915,0.21600000000000003,87,5.129,0.758,Central and Eastern Europe,1.078,2018
0.006,Bosnia and Herzegovina,0.212,0.945,0.263,74,5.386,0.845,Central and Eastern Europe,1.212,2019
0.14234000000000002,Dominican Republic,0.57672,0.8953700000000001,0.21684,88,4.885,0.66825,Latin America and Caribbean,1.17202,2015
0.12372000000000001,Dominican Republic,0.52259,1.02787,0.21286,81,5.155,0.5766899999999999,Latin America and Caribbean,0.9949600000000001,2016
0.113945253193378,Dominican Republic,0.55258983373642,1.07937383651733,0.186967849731445,81,5.230000019073491,0.574873745441437,Latin America and Caribbean,1.4024167060852097,2017
0.106,Dominican Republic,0.578,0.982,0.12,78,5.3020000000000005,0.614,Latin America and Caribbean,1.4409999999999998,2018
0.10099999999999999,Dominican Republic,0.49700000000000005,1.015,0.113,73,5.425,0.779,Latin America and Caribbean,1.401,2019
0.026660000000000003,Mongolia,0.43626000000000004,0.82819,0.3323,89,4.874,0.60268,Eastern Asia,1.3006,2015
0.03285,Mongolia,0.35972,0.9885299999999999,0.34539000000000003,91,4.907,0.55469,Eastern Asia,1.0898299999999999,2016
0.0329022891819477,Mongolia,0.39414396882057207,1.0272358655929599,0.338464230298996,93,4.95499992370605,0.557783484458923,Eastern Asia,1.4930112361908001,2017
0.032,Mongolia,0.395,0.914,0.253,88,5.125,0.575,Eastern Asia,1.517,2018
0.038,Mongolia,0.317,0.948,0.235,79,5.285,0.667,Eastern Asia,1.531,2019
0.013969999999999998,Greece,0.07699,1.15406,0.0,90,4.857,0.88213,Western Europe,0.9293299999999999,2015
0.04127,Greece,0.05822000000000001,1.24886,0.0,89,5.033,0.80029,Western Europe,0.75473,2016
0.043289776891470004,Greece,0.0957312509417534,1.28948748111725,0.0,82,5.2270002365112305,0.8101989030838009,Western Europe,1.23941457271576,2017
0.044000000000000004,Greece,0.131,1.1540000000000001,0.0,74,5.358,0.879,Western Europe,1.202,2018
0.034,Greece,0.067,1.181,0.0,78,5.287000000000001,0.9990000000000001,Western Europe,1.156,2019
0.04582,Lebanon,0.33916,1.0256399999999999,0.21854,91,4.8389999999999995,0.83947,Middle East and Northern Africa,0.80001,2015
0.030610000000000002,Lebanon,0.26228,1.12268,0.23693000000000003,85,5.129,0.76171,Middle East and Northern Africa,0.64184,2016
0.037513829767704,Lebanon,0.28851598501205394,1.07498753070831,0.26445075869560203,83,5.22499990463257,0.7350810766220089,Middle East and Northern Africa,1.1296242475509601,2017
0.136,Lebanon,0.503,0.965,0.214,75,5.358,0.785,Middle East and Northern Africa,1.179,2018
0.027000000000000003,Lebanon,0.21600000000000003,0.987,0.166,86,5.197,0.815,Middle East and Northern Africa,1.224,2019
0.02758,Hungary,0.32111999999999996,1.12094,0.128,92,4.8,0.75905,Central and Eastern Europe,1.20215,2015
0.044719999999999996,Hungary,0.1977,1.24142,0.099,83,5.145,0.67608,Central and Eastern Europe,0.9316399999999999,2016
0.0366369374096394,Hungary,0.17586351931095098,1.2860119342803997,0.0784016624093056,70,5.32399988174438,0.6877634525299069,Central and Eastern Europe,1.34313309192657,2017
0.022000000000000002,Hungary,0.259,1.171,0.061,65,5.62,0.732,Central and Eastern Europe,1.401,2018
0.02,Hungary,0.19899999999999998,1.2009999999999998,0.081,60,5.757999999999999,0.828,Central and Eastern Europe,1.41,2019
0.06825,Honduras,0.40148,0.59532,0.23026999999999997,93,4.788,0.6951,Latin America and Caribbean,0.9534799999999999,2015
0.06906,Honduras,0.26755,0.69429,0.2044,93,4.871,0.5838300000000001,Latin America and Caribbean,0.7559600000000001,2016
0.0733454525470734,Honduras,0.348079860210419,0.730573117733002,0.23618887364864302,86,5.1810002326965305,0.582569479942322,Latin America and Caribbean,1.14394497871399,2017
0.07400000000000001,Honduras,0.45899999999999996,0.62,0.19699999999999998,68,5.504,0.622,Latin America and Caribbean,1.205,2018
0.078,Honduras,0.507,0.642,0.24600000000000002,57,5.86,0.828,Latin America and Caribbean,1.236,2019
0.15072,Tajikistan,0.47216,0.39047,0.22974,94,4.7860000000000005,0.5737899999999999,Central and Eastern Europe,0.8556299999999999,2015
0.13509000000000002,Tajikistan,0.43408,0.48835,0.25998000000000004,90,4.996,0.5311899999999999,Central and Eastern Europe,0.75602,2016
0.14637714624404902,Tajikistan,0.47156670689582797,0.524713635444641,0.24899764358997303,89,5.04099988937378,0.5292351245880129,Central and Eastern Europe,1.27146327495575,2017
0.034,Tajikistan,0.292,0.474,0.187,83,5.199,0.598,Central and Eastern Europe,1.166,2018
0.14400000000000002,Tajikistan,0.389,0.493,0.23,71,5.4670000000000005,0.718,Central and Eastern Europe,1.0979999999999999,2019
0.06358,Tunisia,0.26268,0.88113,0.06431,95,4.739,0.73793,Middle East and Northern Africa,0.60429,2015
0.0817,Tunisia,0.23553000000000002,0.97724,0.03936,88,5.045,0.59577,Middle East and Northern Africa,0.43165,2016
0.0867231488227844,Tunisia,0.289680689573288,1.00726580619812,0.0496933571994305,95,4.80499982833862,0.613212049007416,Middle East and Northern Africa,0.8683514595031742,2017
0.063,Tunisia,0.271,0.9,0.04,103,4.592,0.69,Middle East and Northern Africa,0.9059999999999999,2018
0.055,Tunisia,0.16699999999999998,0.9209999999999999,0.059000000000000004,114,4.461,0.815,Middle East and Northern Africa,1.0,2019
0.12905,Palestinian Territories,0.24499,0.59867,0.11250999999999999,96,4.715,0.66015,Middle East and Northern Africa,0.92558,2015
0.10613,Palestinian Territories,0.17744000000000001,0.67024,0.11154000000000001,97,4.754,0.56844,Middle East and Northern Africa,0.71629,2016
0.0892826020717621,Palestinian Territories,0.25471106171608,0.716249227523804,0.114173173904419,96,4.77500009536743,0.565666973590851,Middle East and Northern Africa,1.1556471586227401,2017
0.076,Palestinian Territories,0.266,0.642,0.086,97,4.743,0.602,Middle East and Northern Africa,1.217,2018
0.066,Palestinian Territories,0.225,0.657,0.10300000000000001,104,4.696000000000001,0.672,Middle East and Northern Africa,1.247,2019
0.12569,Bangladesh,0.4082,0.39753,0.21222,97,4.694,0.60164,Southern Asia,0.43106000000000005,2015
0.12583,Bangladesh,0.39778,0.54177,0.19132000000000002,99,4.643,0.52989,Southern Asia,0.24749000000000002,2016
0.123717859387398,Bangladesh,0.478356659412384,0.586682975292206,0.17225535213947304,103,4.60799980163574,0.533241033554077,Southern Asia,0.735131740570068,2017
0.14400000000000002,Bangladesh,0.58,0.532,0.153,107,4.5,0.579,Southern Asia,0.85,2018
0.14300000000000002,Bangladesh,0.527,0.562,0.166,115,4.456,0.723,Southern Asia,0.9279999999999999,2019
0.058629999999999995,Iran,0.30033000000000004,1.0088,0.38086,98,4.686,0.69805,Middle East and Northern Africa,0.54447,2015
0.0557,Iran,0.22544,1.11758,0.38538,94,4.813,0.64232,Middle East and Northern Africa,0.38856999999999997,2016
0.048761073499918005,Iran,0.24932260811328896,1.15687310695648,0.387242913246155,101,4.69199991226196,0.639333188533783,Middle East and Northern Africa,0.7115512490272521,2017
0.129,Iran,0.45899999999999996,1.0590000000000002,0.282,99,4.707,0.691,Middle East and Northern Africa,0.7709999999999999,2018
0.125,Iran,0.305,1.1,0.27,109,4.548,0.785,Middle East and Northern Africa,0.8420000000000001,2019
0.02961,Ukraine,0.25123,0.79907,0.15275,99,4.681,0.6739,Central and Eastern Europe,1.20278,2015
0.01829,Ukraine,0.12859,0.87287,0.20363,111,4.324,0.58628,Central and Eastern Europe,1.01413,2016
0.0230294708162546,Ukraine,0.12297477573156401,0.89465194940567,0.270061463117599,122,4.09600019454956,0.575903952121735,Central and Eastern Europe,1.39453756809235,2017
0.011000000000000001,Ukraine,0.163,0.7929999999999999,0.187,127,4.103,0.609,Central and Eastern Europe,1.413,2018
0.01,Ukraine,0.17800000000000002,0.82,0.187,123,4.332,0.7390000000000001,Central and Eastern Europe,1.39,2019
0.13788,Iraq,0.0,0.98549,0.17922000000000002,100,4.677,0.60237,Middle East and Northern Africa,0.81889,2015
0.13635999999999998,Iraq,0.24856,1.07474,0.19589,101,4.575,0.51076,Middle East and Northern Africa,0.59205,2016
0.10721575468778599,Iraq,0.288555532693863,1.1027104854583702,0.19963726401329,108,4.49700021743774,0.501180469989777,Middle East and Northern Africa,0.978613197803497,2017
0.095,Iraq,0.304,1.01,0.14800000000000002,109,4.456,0.536,Middle East and Northern Africa,0.971,2018
0.08900000000000001,Iraq,0.24100000000000002,1.043,0.14800000000000002,116,4.437,0.574,Middle East and Northern Africa,0.98,2019
0.08884,South Africa,0.33207,0.9204899999999999,0.11972999999999999,101,4.6419999999999995,0.27688,Sub-Saharan Africa,1.18468,2015
0.08415,South Africa,0.42483000000000004,1.02416,0.13656,104,4.459,0.18611,Sub-Saharan Africa,0.9605299999999999,2016
0.0725094974040985,South Africa,0.479246735572815,1.05469870567322,0.13936237990856198,94,4.8289999961853,0.18708007037639604,Sub-Saharan Africa,1.38478863239288,2017
0.055999999999999994,South Africa,0.516,0.94,0.10300000000000001,98,4.724,0.33,Sub-Saharan Africa,1.41,2018
0.055,South Africa,0.389,0.96,0.13,100,4.7219999999999995,0.469,Sub-Saharan Africa,1.351,2019
0.04355,Ghana,0.42341999999999996,0.5455800000000001,0.23087,102,4.633,0.40131999999999995,Sub-Saharan Africa,0.6795399999999999,2015
0.0326,Ghana,0.40973000000000004,0.63107,0.21203000000000002,112,4.276,0.29681,Sub-Saharan Africa,0.49353,2016
0.0253363698720932,Ghana,0.423026293516159,0.667224824428558,0.25692394375801103,121,4.11999988555908,0.29563772678375205,Sub-Saharan Africa,0.873664736747742,2017
0.028999999999999998,Ghana,0.499,0.5920000000000001,0.212,101,4.657,0.337,Sub-Saharan Africa,0.8959999999999999,2018
0.04,Ghana,0.381,0.611,0.245,93,4.996,0.486,Sub-Saharan Africa,0.868,2019
0.08079,Zimbabwe,0.25861,0.271,0.18987,103,4.61,0.33475,Sub-Saharan Africa,1.0327600000000001,2015
0.08582000000000001,Zimbabwe,0.25429,0.35041,0.18503,119,4.1930000000000005,0.1595,Sub-Saharan Africa,0.71478,2016
0.0953753814101219,Zimbabwe,0.336384207010269,0.37584653496742204,0.189143493771553,128,3.875,0.19676375389099102,Sub-Saharan Africa,1.08309590816498,2017
0.099,Zimbabwe,0.406,0.35700000000000004,0.132,131,3.6919999999999997,0.248,Sub-Saharan Africa,1.094,2018
0.08900000000000001,Zimbabwe,0.361,0.366,0.151,133,3.6630000000000003,0.433,Sub-Saharan Africa,1.114,2019
0.06232000000000001,Liberia,0.28531,0.0712,0.24361999999999998,104,4.571000000000001,0.34201,Sub-Saharan Africa,0.78968,2015
0.04852,Liberia,0.25748000000000004,0.10705999999999999,0.24063,134,3.622,0.23165,Sub-Saharan Africa,0.50353,2016
0.0389482490718365,Liberia,0.33288118243217496,0.11904179304838199,0.26654988527298,135,3.5329999923706095,0.229918196797371,Sub-Saharan Africa,0.8721179366111759,2017
0.03,Liberia,0.419,0.076,0.20600000000000002,136,3.495,0.267,Sub-Saharan Africa,0.858,2018
0.033,Liberia,0.37,0.073,0.233,130,3.975,0.44299999999999995,Sub-Saharan Africa,0.922,2019
0.08492000000000001,India,0.39786,0.64499,0.26475,105,4.565,0.5152899999999999,Southern Asia,0.38174,2015
0.08722,India,0.40285,0.74036,0.25028,106,4.404,0.45091000000000003,Southern Asia,0.29247,2016
0.0922268852591515,India,0.469987004995346,0.7922212481498722,0.23153848946094502,113,4.31500005722046,0.455427616834641,Southern Asia,0.754372596740723,2017
0.09300000000000001,India,0.539,0.721,0.172,123,4.19,0.485,Southern Asia,0.747,2018
0.085,India,0.498,0.755,0.2,129,4.015,0.588,Southern Asia,0.765,2019
0.17175,Haiti,0.24425,0.26673,0.46187,106,4.518,0.38847,Latin America and Caribbean,0.74302,2015
0.14476,Haiti,0.12072000000000001,0.34097,0.47958,123,4.0280000000000005,0.27494,Latin America and Caribbean,0.29561,2016
0.0998721495270729,Haiti,0.0303698573261499,0.368610262870789,0.48920378088951094,133,3.6029999256133998,0.277321130037308,Latin America and Caribbean,0.640449821949005,2017
0.10400000000000001,Haiti,0.025,0.315,0.392,135,3.582,0.289,Latin America and Caribbean,0.7140000000000001,2018
0.11,Haiti,0.026000000000000002,0.32299999999999995,0.419,134,3.597,0.449,Latin America and Caribbean,0.688,2019
0.07625,Congo (Kinshasa),0.22605,0.0,0.24834,107,4.5169999999999995,0.09806000000000001,Sub-Saharan Africa,1.0012,2015
0.06075,Congo (Kinshasa),0.15602,0.05661,0.25458000000000003,113,4.272,0.188,Sub-Saharan Africa,0.80676,2016
0.0602413564920425,Congo (Kinshasa),0.235961347818375,0.0921023488044739,0.246455833315849,117,4.2800002098083505,0.191407024860382,Sub-Saharan Africa,1.22902345657349,2017
0.052000000000000005,Congo (Kinshasa),0.312,0.069,0.19699999999999998,122,4.245,0.204,Sub-Saharan Africa,1.136,2018
0.053,Congo (Kinshasa),0.26899999999999996,0.094,0.212,117,4.418,0.35700000000000004,Sub-Saharan Africa,1.125,2019
0.059070000000000004,Nepal,0.38282,0.35996999999999996,0.32295999999999997,108,4.513999999999999,0.5687399999999999,Southern Asia,0.86449,2015
0.07007999999999999,Nepal,0.37012,0.44626000000000005,0.3816,96,4.793,0.50073,Southern Asia,0.69699,2016
0.0729755461215973,Nepal,0.44030594825744607,0.479820191860199,0.39409616589546204,92,4.961999893188481,0.504130780696869,Southern Asia,1.17928326129913,2017
0.078,Nepal,0.526,0.425,0.302,94,4.88,0.539,Southern Asia,1.228,2018
0.08900000000000001,Nepal,0.439,0.446,0.285,95,4.913,0.677,Southern Asia,1.226,2019
0.15048,Ethiopia,0.4345,0.19072999999999998,0.24325,109,4.512,0.44055,Sub-Saharan Africa,0.60406,2015
0.1717,Ethiopia,0.36703,0.29283000000000003,0.29522,103,4.508,0.34578000000000003,Sub-Saharan Africa,0.37932,2016
0.16545571386814098,Ethiopia,0.408842742443085,0.339233845472336,0.31265074014663696,110,4.46000003814697,0.35340970754623396,Sub-Saharan Africa,0.8646692037582401,2017
0.146,Ethiopia,0.452,0.308,0.22,117,4.35,0.391,Sub-Saharan Africa,0.95,2018
0.1,Ethiopia,0.344,0.336,0.209,124,4.2860000000000005,0.532,Sub-Saharan Africa,1.033,2019
0.08786000000000001,Sierra Leone,0.4084,0.33024000000000003,0.21488000000000002,110,4.507,0.0,Sub-Saharan Africa,0.9557100000000001,2015
0.08196,Sierra Leone,0.30685,0.36485,0.23897,100,4.635,0.0,Sub-Saharan Africa,0.628,2016
0.0710951760411263,Sierra Leone,0.318697690963745,0.36842092871666,0.293040901422501,99,4.70900011062622,0.005564753897488121,Sub-Saharan Africa,0.984136044979095,2017
0.053,Sierra Leone,0.355,0.256,0.23800000000000002,105,4.571000000000001,0.0,Sub-Saharan Africa,0.813,2018
0.045,Sierra Leone,0.309,0.268,0.252,119,4.374,0.242,Sub-Saharan Africa,0.841,2019
0.17461,Mauritania,0.24231999999999998,0.45407,0.21899999999999997,111,4.436,0.35874,Sub-Saharan Africa,0.86908,2015
0.17955,Mauritania,0.1268,0.6139100000000001,0.22685999999999998,118,4.2010000000000005,0.28639000000000003,Sub-Saharan Africa,0.8414200000000001,2016
0.136957004666328,Mauritania,0.0960980430245399,0.6484572887420649,0.201870024204254,114,4.29199981689453,0.285349279642105,Sub-Saharan Africa,1.2720308303833001,2017
0.09300000000000001,Mauritania,0.129,0.557,0.134,116,4.356,0.292,Sub-Saharan Africa,1.245,2018
0.08800000000000001,Mauritania,0.066,0.57,0.106,113,4.49,0.489,Sub-Saharan Africa,1.167,2019
0.05839,Kenya,0.42215,0.36471,0.37542,112,4.419,0.41435,Sub-Saharan Africa,0.99876,2015
0.06686,Kenya,0.40576,0.52267,0.41328000000000004,110,4.356,0.30146999999999996,Sub-Saharan Africa,0.7624,2016
0.0646413192152977,Kenya,0.45276376605033897,0.560479462146759,0.444860309362411,104,4.55299997329712,0.30998834967613204,Sub-Saharan Africa,1.0679507255554201,2017
0.055,Kenya,0.504,0.493,0.35200000000000004,114,4.41,0.45399999999999996,Sub-Saharan Africa,1.048,2018
0.053,Kenya,0.431,0.512,0.37200000000000005,112,4.5089999999999995,0.581,Sub-Saharan Africa,0.983,2019
0.039,Armenia,0.19847,0.7682100000000001,0.07855,113,4.35,0.7299,Central and Eastern Europe,0.7771100000000001,2015
0.036160000000000005,Armenia,0.14037,0.8608600000000001,0.07793,109,4.36,0.64083,Central and Eastern Europe,0.6247699999999999,2016
0.0266744215041399,Armenia,0.198303267359734,0.900596737861633,0.0834880918264389,112,4.37599992752075,0.637524425983429,Central and Eastern Europe,1.00748372077942,2017
0.027999999999999997,Armenia,0.26,0.816,0.077,119,4.321000000000001,0.6659999999999999,Central and Eastern Europe,0.99,2018
0.064,Armenia,0.28300000000000003,0.85,0.095,108,4.559,0.815,Central and Eastern Europe,1.055,2019
0.12474,Botswana,0.49495,0.99355,0.10461,114,4.332,0.047760000000000004,Sub-Saharan Africa,1.10464,2015
0.10769000000000001,Botswana,0.44088999999999995,1.09426,0.12425,124,3.9739999999999998,0.34752,Sub-Saharan Africa,0.89186,2016
0.0985831990838051,Botswana,0.505196332931519,1.12209415435791,0.0993484482169151,130,3.7660000324249303,0.34175550937652605,Sub-Saharan Africa,1.2215549945831299,2017
0.092,Botswana,0.557,1.0170000000000001,0.042,133,3.59,0.41700000000000004,Sub-Saharan Africa,1.1740000000000002,2018
0.1,Botswana,0.455,1.041,0.025,135,3.488,0.5379999999999999,Sub-Saharan Africa,1.145,2019
0.19034,Myanmar,0.44017,0.27108000000000004,0.512,115,4.3069999999999995,0.48246000000000006,Southeastern Asia,0.70905,2015
0.20243,Myanmar,0.42691999999999997,0.34112,0.512,107,4.395,0.3988,Southeastern Asia,0.69981,2016
0.188816204667091,Myanmar,0.514492034912109,0.36711055040359497,0.512,105,4.54500007629395,0.397522568702698,Southeastern Asia,1.12323594093323,2017
0.17800000000000002,Myanmar,0.58,0.682,0.512,120,4.308,0.429,Southeastern Asia,1.1740000000000002,2018
0.172,Myanmar,0.525,0.71,0.512,121,4.36,0.555,Southeastern Asia,1.181,2019
0.3043163986802101,Georgia,0.40576999999999996,0.7419,0.055470000000000005,116,4.297,0.72926,Central and Eastern Europe,0.38561999999999996,2015
0.3043163986802101,Georgia,0.32461,0.8379200000000001,0.06786,114,4.252,0.64035,Central and Eastern Europe,0.19249000000000002,2016
0.25166663527488703,Georgia,0.309410035610199,0.950612664222717,0.0540088154375553,116,4.28599977493286,0.649546980857849,Central and Eastern Europe,0.57061493396759,2017
0.215,Georgia,0.375,0.853,0.038,118,4.34,0.643,Central and Eastern Europe,0.5920000000000001,2018
0.16399999999999998,Georgia,0.34600000000000003,0.8859999999999999,0.043,111,4.519,0.752,Central and Eastern Europe,0.6659999999999999,2019
0.06977,Malawi,0.43054,0.016040000000000002,0.33128,117,4.292,0.22562,Sub-Saharan Africa,0.41134,2015
0.07564,Malawi,0.4143,0.08709,0.30968,120,4.156000000000001,0.29364,Sub-Saharan Africa,0.147,2016
0.0727116540074348,Malawi,0.466914653778076,0.233442038297653,0.28717046976089505,126,3.97000002861023,0.315089583396912,Sub-Saharan Africa,0.5125688314437871,2017
0.08,Malawi,0.531,0.18600000000000003,0.21,134,3.5869999999999997,0.306,Sub-Saharan Africa,0.541,2018
0.08900000000000001,Malawi,0.44299999999999995,0.191,0.218,137,3.41,0.495,Sub-Saharan Africa,0.56,2019
0.09179,Sri Lanka,0.5372600000000001,0.83524,0.40828000000000003,118,4.271,0.70806,Southern Asia,1.01905,2015
0.07964,Sri Lanka,0.50817,0.9731799999999999,0.46978000000000003,105,4.415,0.62007,Southern Asia,0.84783,2016
0.0736539661884308,Sri Lanka,0.561213254928589,1.00985014438629,0.49086356163024897,111,4.44000005722046,0.625130832195282,Southern Asia,1.25997638702393,2017
0.05,Sri Lanka,0.585,0.9179999999999999,0.307,108,4.471,0.672,Southern Asia,1.314,2018
0.047,Sri Lanka,0.47,0.9490000000000001,0.244,120,4.3660000000000005,0.831,Southern Asia,1.265,2019
0.05786,Cameroon,0.49309,0.4225,0.20618000000000003,119,4.252,0.23401999999999998,Sub-Saharan Africa,0.8876700000000001,2015
0.06126,Cameroon,0.42736,0.5249699999999999,0.2268,102,4.513,0.12697999999999998,Sub-Saharan Africa,0.62542,2016
0.0513066314160824,Cameroon,0.430388748645782,0.564305365085602,0.23629845678806302,100,4.69500017166138,0.132892116904259,Sub-Saharan Africa,0.946018218994141,2017
0.043,Cameroon,0.45399999999999996,0.535,0.183,92,4.975,0.182,Sub-Saharan Africa,0.8909999999999999,2018
0.037000000000000005,Cameroon,0.381,0.5489999999999999,0.187,91,5.044,0.331,Sub-Saharan Africa,0.91,2019
0.00872,Bulgaria,0.30587,1.01216,0.11921,120,4.218,0.76649,Central and Eastern Europe,1.10614,2015
0.00615,Bulgaria,0.21219000000000002,1.11306,0.12793,117,4.217,0.67806,Central and Eastern Europe,0.92542,2016
0.0110515309497714,Bulgaria,0.28923171758651695,1.1614590883255,0.113177694380283,98,4.71400022506714,0.708217680454254,Central and Eastern Europe,1.4343794584274299,2017
0.009000000000000001,Bulgaria,0.359,1.054,0.064,93,4.933,0.7120000000000001,Central and Eastern Europe,1.515,2018
0.004,Bulgaria,0.311,1.092,0.081,92,5.011,0.815,Central and Eastern Europe,1.5130000000000001,2019
0.06324,Egypt,0.17288,0.8818,0.11291,121,4.194,0.61712,Middle East and Northern Africa,0.747,2015
0.10393,Egypt,0.18847,0.95395,0.12705999999999998,108,4.362,0.5211600000000001,Middle East and Northern Africa,0.49813,2016
0.114381365478039,Egypt,0.28211015462875394,0.989701807498932,0.128631442785263,97,4.7350001335144,0.520187258720398,Middle East and Northern Africa,0.997471392154694,2017
0.107,Egypt,0.312,0.885,0.092,113,4.419,0.5529999999999999,Middle East and Northern Africa,1.025,2018
0.067,Egypt,0.24100000000000002,0.9129999999999999,0.076,126,4.166,0.644,Middle East and Northern Africa,1.0390000000000001,2019
0.07854,Yemen,0.35570999999999997,0.5464899999999999,0.09131,122,4.077,0.40064,Middle East and Northern Africa,0.68093,2015
0.05892000000000001,Yemen,0.2287,0.57939,0.09821,131,3.7239999999999998,0.31048000000000003,Middle East and Northern Africa,0.47493,2016
0.0567674227058887,Yemen,0.24946372210979503,0.5916834473609921,0.104125209152699,134,3.59299993515015,0.310080915689468,Middle East and Northern Africa,0.93538224697113,2017
0.064,Yemen,0.244,0.442,0.083,139,3.355,0.34299999999999997,Middle East and Northern Africa,1.073,2018
0.077,Yemen,0.14300000000000002,0.287,0.10800000000000001,138,3.38,0.46299999999999997,Middle East and Northern Africa,1.163,2019
0.12352,Mali,0.38856999999999997,0.26074,0.18798,123,3.995,0.20583,Sub-Saharan Africa,1.03526,2015
0.13647,Mali,0.27544,0.31292,0.21064000000000002,122,4.073,0.16347,Sub-Saharan Africa,0.8633299999999999,2016
0.10497024655342098,Mali,0.306613743305206,0.476180493831635,0.183354198932648,118,4.19000005722046,0.16936567425727803,Sub-Saharan Africa,1.2814733982086202,2017
0.055999999999999994,Mali,0.36700000000000005,0.37,0.139,110,4.447,0.152,Sub-Saharan Africa,1.2329999999999999,2018
0.052000000000000005,Mali,0.327,0.385,0.153,118,4.39,0.308,Sub-Saharan Africa,1.105,2019
0.11685999999999999,Congo (Brazzaville),0.41466000000000003,0.67866,0.12387999999999999,124,3.989,0.31051,Sub-Saharan Africa,0.6629,2015
0.09752999999999999,Congo (Brazzaville),0.37938,0.7710899999999999,0.12077,115,4.236000000000001,0.28212,Sub-Saharan Africa,0.47798999999999997,2016
0.0796181336045265,Congo (Brazzaville),0.4350258708000179,0.8089642524719242,0.12085212767124198,115,4.29099988937378,0.28995743393898,Sub-Saharan Africa,0.8320443630218509,2017
0.077,Congo (Brazzaville),0.514,0.682,0.091,106,4.559,0.34299999999999997,Sub-Saharan Africa,0.8109999999999999,2018
0.09300000000000001,Congo (Brazzaville),0.37200000000000005,0.6729999999999999,0.105,98,4.812,0.508,Sub-Saharan Africa,0.799,2019
0.07267,Uganda,0.45726999999999995,0.21101999999999999,0.29066,125,3.931,0.33860999999999997,Sub-Saharan Africa,1.13299,2015
0.06442,Uganda,0.43653000000000003,0.34719,0.27102,130,3.739,0.19625,Sub-Saharan Africa,0.90981,2016
0.057069718837738,Uganda,0.443185955286026,0.381430715322495,0.32576605677604703,123,4.08099985122681,0.21763260662555703,Sub-Saharan Africa,1.12982773780823,2017
0.061,Uganda,0.45,0.322,0.259,125,4.1610000000000005,0.237,Sub-Saharan Africa,1.09,2018
0.06,Uganda,0.35600000000000004,0.332,0.252,125,4.189,0.44299999999999995,Sub-Saharan Africa,1.069,2019
0.10712999999999999,Senegal,0.36772,0.36498,0.20843000000000003,126,3.904,0.4354,Sub-Saharan Africa,0.97619,2015
0.11681,Senegal,0.31056,0.44314,0.19103,116,4.218999999999999,0.40457,Sub-Saharan Africa,0.7741600000000001,2016
0.11546044796705199,Senegal,0.37792226672172496,0.479309022426605,0.183468893170357,106,4.53499984741211,0.409362852573395,Sub-Saharan Africa,1.17969191074371,2017
0.08199999999999999,Senegal,0.406,0.429,0.138,102,4.631,0.433,Sub-Saharan Africa,1.117,2018
0.07200000000000001,Senegal,0.292,0.45,0.153,105,4.681,0.5710000000000001,Sub-Saharan Africa,1.1340000000000001,2019
0.11091,Gabon,0.31914000000000003,1.06024,0.06822,127,3.8960000000000004,0.43372,Sub-Saharan Africa,0.90528,2015
0.09314,Gabon,0.28098,1.15851,0.062439999999999996,121,4.121,0.3494,Sub-Saharan Africa,0.72368,2016
0.0760467872023582,Gabon,0.31232857704162603,1.1982102394104,0.0437853783369064,109,4.46500015258789,0.35657858848571794,Sub-Saharan Africa,1.1556202173233001,2017
0.052000000000000005,Gabon,0.35600000000000004,1.036,0.032,96,4.758,0.40399999999999997,Sub-Saharan Africa,1.1640000000000001,2018
0.055,Gabon,0.295,1.057,0.043,99,4.7989999999999995,0.5710000000000001,Sub-Saharan Africa,1.183,2019
0.15639,Niger,0.47691999999999996,0.0694,0.19387000000000001,128,3.845,0.29707,Sub-Saharan Africa,0.77265,2015
0.17176,Niger,0.38040999999999997,0.1327,0.2097,127,3.8560000000000003,0.26161999999999996,Sub-Saharan Africa,0.6053,2016
0.13857294619083402,Niger,0.36365869641304,0.16192533075809498,0.22867384552955602,125,4.02799987792969,0.26850500702858,Sub-Saharan Africa,0.993025004863739,2017
0.099,Niger,0.39,0.131,0.175,124,4.166,0.221,Sub-Saharan Africa,0.867,2018
0.102,Niger,0.318,0.138,0.188,106,4.628,0.366,Sub-Saharan Africa,0.774,2019
0.07247,Cambodia,0.66246,0.46038,0.40359,129,3.819,0.61114,Southeastern Asia,0.62736,2015
0.08092,Cambodia,0.5885199999999999,0.55604,0.40339,126,3.907,0.42494,Southeastern Asia,0.5375,2016
0.0681059509515762,Cambodia,0.633375823497772,0.6017650961875921,0.385922968387604,120,4.1680002212524405,0.429783403873444,Southeastern Asia,1.00623834133148,2017
0.065,Cambodia,0.696,0.5489999999999999,0.256,111,4.433,0.457,Southeastern Asia,1.088,2018
0.062,Cambodia,0.609,0.574,0.23199999999999998,103,4.7,0.637,Southeastern Asia,1.122,2019
0.05747000000000001,Tanzania,0.32878,0.2852,0.34376999999999996,130,3.781,0.38215,Sub-Saharan Africa,1.00268,2015
0.05099,Tanzania,0.3176,0.47155,0.31472,133,3.6660000000000004,0.35700000000000004,Sub-Saharan Africa,0.77623,2016
0.0660351067781448,Tanzania,0.390017777681351,0.511135876178741,0.354256361722946,140,3.34899997711182,0.364509284496307,Sub-Saharan Africa,1.04198980331421,2017
0.09699999999999999,Tanzania,0.48100000000000004,0.455,0.27,140,3.303,0.381,Sub-Saharan Africa,0.991,2018
0.147,Tanzania,0.41700000000000004,0.47600000000000003,0.276,140,3.2310000000000003,0.499,Sub-Saharan Africa,0.885,2019
0.08123999999999999,Madagascar,0.19184,0.20824,0.21333000000000002,131,3.681,0.46721,Sub-Saharan Africa,0.66801,2015
0.07506,Madagascar,0.13684000000000002,0.27954,0.2204,132,3.695,0.37109000000000003,Sub-Saharan Africa,0.46115,2016
0.0672319754958153,Madagascar,0.18919676542282102,0.305808693170547,0.208732530474663,132,3.64400005340576,0.375223308801651,Sub-Saharan Africa,0.9130203723907471,2017
0.049,Madagascar,0.221,0.262,0.155,130,3.7739999999999996,0.402,Sub-Saharan Africa,0.9079999999999999,2018
0.040999999999999995,Madagascar,0.14800000000000002,0.27399999999999997,0.16899999999999998,131,3.9330000000000003,0.555,Sub-Saharan Africa,0.9159999999999999,2019
0.05269,Chad,0.23501,0.34193,0.18386,132,3.667,0.1501,Sub-Saharan Africa,0.76062,2015
0.04952,Chad,0.12807000000000002,0.42213999999999996,0.18667,128,3.763,0.038239999999999996,Sub-Saharan Africa,0.63178,2016
0.0535818822681904,Chad,0.16234202682972002,0.43801298737525896,0.21611385047435802,127,3.9360001087188703,0.0411347150802612,Sub-Saharan Africa,0.953855872154236,2017
0.06,Chad,0.18899999999999997,0.358,0.18100000000000002,121,4.301,0.053,Sub-Saharan Africa,0.907,2018
0.078,Chad,0.174,0.35,0.198,122,4.35,0.192,Sub-Saharan Africa,0.7659999999999999,2019
0.12139000000000001,Guinea,0.37725,0.17417,0.28657,133,3.656,0.24009,Sub-Saharan Africa,0.46475,2015
0.1192,Guinea,0.30953,0.22415,0.29914,135,3.6069999999999998,0.18829,Sub-Saharan Africa,0.3109,2016
0.110937617719173,Guinea,0.348587512969971,0.24454993009567302,0.264815092086792,136,3.50699996948242,0.194129139184952,Sub-Saharan Africa,0.7912446856498722,2017
0.094,Guinea,0.39399999999999996,0.344,0.185,129,3.964,0.21100000000000002,Sub-Saharan Africa,0.792,2018
0.086,Guinea,0.332,0.38,0.207,110,4.534,0.375,Sub-Saharan Africa,0.8290000000000001,2019
0.17922000000000002,Ivory Coast,0.46866,0.46534,0.20165,134,3.655,0.15185,Sub-Saharan Africa,0.77115,2015
0.1553,Ivory Coast,0.40663,0.55507,0.20338,125,3.9160000000000004,0.04476,Sub-Saharan Africa,0.57576,2016
0.130061775445938,Ivory Coast,0.4477061927318571,0.6030489206314089,0.201237469911575,119,4.17999982833862,0.0486421696841717,Sub-Saharan Africa,0.904780030250549,2017
0.10300000000000001,Ivory Coast,0.467,0.541,0.146,100,4.671,0.08,Sub-Saharan Africa,0.872,2018
0.09,Ivory Coast,0.35200000000000004,0.569,0.154,94,4.944,0.23199999999999998,Sub-Saharan Africa,0.8079999999999999,2019
0.12832000000000002,Burkina Faso,0.39493,0.25811999999999996,0.21746999999999997,135,3.5869999999999997,0.27125,Sub-Saharan Africa,0.85188,2015
0.12533,Burkina Faso,0.3337,0.31995,0.24353000000000002,129,3.739,0.21297,Sub-Saharan Africa,0.63054,2016
0.12032810598611803,Burkina Faso,0.32436785101890603,0.35022771358490007,0.250864684581757,124,4.03200006484985,0.21584425866603896,Sub-Saharan Africa,1.04328000545502,2017
0.128,Burkina Faso,0.312,0.314,0.175,112,4.4239999999999995,0.254,Sub-Saharan Africa,1.097,2018
0.113,Burkina Faso,0.255,0.331,0.177,107,4.587,0.38,Sub-Saharan Africa,1.056,2019
0.09719,Afghanistan,0.23414000000000001,0.31982,0.3651,136,3.575,0.30335,Southern Asia,0.30285,2015
0.07112,Afghanistan,0.1643,0.38227,0.31268,138,3.36,0.17344,Southern Asia,0.11037000000000001,2016
0.0611578300595284,Afghanistan,0.106179520487785,0.401477217674255,0.311870932579041,129,3.7939999103546103,0.18074677884578697,Southern Asia,0.581543326377869,2017
0.036000000000000004,Afghanistan,0.085,0.332,0.191,132,3.6319999999999997,0.255,Southern Asia,0.537,2018
0.025,Afghanistan,0.0,0.35,0.158,141,3.2030000000000003,0.361,Southern Asia,0.517,2019
0.3043163986802101,Rwanda,0.59201,0.22208000000000003,0.22628,137,3.465,0.42863999999999997,Sub-Saharan Africa,0.7737,2015
0.3043163986802101,Rwanda,0.5432,0.32846,0.23551999999999998,136,3.515,0.31865,Sub-Saharan Africa,0.6158600000000001,2016
0.3043163986802101,Rwanda,0.5818438529968261,0.368745893239975,0.25275602936744695,138,3.47099995613098,0.326424807310104,Sub-Saharan Africa,0.945707023143768,2017
0.3043163986802101,Rwanda,0.636,0.332,0.2,138,3.408,0.4,Sub-Saharan Africa,0.8959999999999999,2018
0.3043163986802101,Rwanda,0.555,0.359,0.217,139,3.3339999999999996,0.614,Sub-Saharan Africa,0.711,2019
0.0801,Benin,0.4845,0.28665,0.1826,138,3.34,0.3191,Sub-Saharan Africa,0.35386,2015
0.06681000000000001,Benin,0.39747,0.39499,0.2018,137,3.484,0.21028000000000002,Sub-Saharan Africa,0.10419,2016
0.0609290152788162,Benin,0.42596277594566295,0.43108540773391707,0.207948461174965,131,3.65700006484985,0.20993021130561804,Sub-Saharan Africa,0.43529984354972795,2017
0.067,Benin,0.44,0.37799999999999995,0.163,126,4.141,0.24,Sub-Saharan Africa,0.37200000000000005,2018
0.08199999999999999,Benin,0.349,0.39299999999999996,0.175,97,4.883,0.397,Sub-Saharan Africa,0.43700000000000006,2019
0.18905999999999998,Syria,0.15684,0.6632,0.47179,139,3.0060000000000002,0.7219300000000001,Middle East and Northern Africa,0.47489,2015
0.17232999999999998,Syria,0.06912,0.7471899999999999,0.48396999999999996,140,3.069,0.6299399999999999,Middle East and Northern Africa,0.14866,2016
0.15134713053703303,Syria,0.0815394446253777,0.777153134346008,0.49366372823715204,139,3.46199989318848,0.5005333423614501,Middle East and Northern Africa,0.396102607250214,2017
0.14400000000000002,Syria,0.08800000000000001,0.6890000000000001,0.376,137,3.4619999999999997,0.539,Middle East and Northern Africa,0.382,2018
0.141,Syria,0.013000000000000001,0.619,0.331,136,3.4619999999999997,0.44,Middle East and Northern Africa,0.37799999999999995,2019
0.10062,Burundi,0.1185,0.0153,0.19727,140,2.905,0.22396,Sub-Saharan Africa,0.41586999999999996,2015
0.09419,Burundi,0.0432,0.06831,0.2029,141,2.905,0.15747,Sub-Saharan Africa,0.23442,2016
0.0841479450464249,Burundi,0.0599007532000542,0.09162256866693501,0.20443518459796897,141,2.90499997138977,0.151610791683197,Sub-Saharan Africa,0.629793584346771,2017
0.076,Burundi,0.065,0.091,0.149,141,2.905,0.145,Sub-Saharan Africa,0.627,2018
0.18,Burundi,0.22,0.046,0.17600000000000002,132,3.775,0.38,Sub-Saharan Africa,0.447,2019
0.10730999999999999,Togo,0.36453,0.20868,0.16680999999999999,141,2.839,0.28443,Sub-Saharan Africa,0.13995,2015
0.11587,Togo,0.34678000000000003,0.28123000000000004,0.17517,139,3.303,0.24811,Sub-Saharan Africa,0.0,2016
0.0956650152802467,Togo,0.38042613863945,0.30544471740722695,0.19689615070819896,137,3.4949998855590803,0.247105568647385,Sub-Saharan Africa,0.4318825304508211,2017
0.10099999999999999,Togo,0.434,0.259,0.158,128,3.9989999999999997,0.253,Sub-Saharan Africa,0.474,2018
0.085,Togo,0.293,0.275,0.177,128,4.085,0.41,Sub-Saharan Africa,0.5720000000000001,2019
