country,happiness_score,region,year,corruption_perceptionP1,freedomP1,gdp_per_capitaP1,generosityP1,happiness_scoreP1,life_expectancyP1,social_supportP1,corruption_perceptionP2,freedomP2,gdp_per_capitaP2,generosityP2,happiness_scoreP2,life_expectancyP2,social_supportP2,corruption_perceptionP3,freedomP3,gdp_per_capitaP3,generosityP3,happiness_scoreP3,life_expectancyP3,social_supportP3,Australia and New Zealand,Central and Eastern Europe,Eastern Asia,Latin America and Caribbean,Middle East and Northern Africa,North America,Southeastern Asia,Southern Asia,Sub-Saharan Africa,Western Europe
Switzerland,94.27991886409737,Western Europe,2018,100.0,85.64510727455607,74.66505502016506,56.74790591001503,94.42190584256248,75.20870197038711,92.26957086809065,100.0,80.87983425414366,72.86879770992365,54.84960937500001,94.72616632860041,75.63803680981594,69.66180048661799,100.0,91.9295580110497,66.62738549618321,57.96484375000001,96.30831643002031,82.5092024539877,82.08698296836981,0,0,0,0,0,0,0,0,0,1
Iceland,94.4421906693712,Western Europe,2018,50.44965047493773,86.62467338762222,70.6408883779103,92.87894936278458,94.62475024178842,73.05452428712438,97.966788749045,49.20865278685304,78.2099447513812,68.06583969465649,93.12109375,94.56389452332658,76.01489921121821,71.97445255474452,46.481228291822106,86.84668508287291,62.13358778625955,85.21484375,95.78093306288031,83.07099035933392,85.29379562043793,0,0,0,0,0,0,0,0,0,1
Denmark,95.65922920892494,Western Europe,2018,100.0,86.46501691301876,70.7243803803249,69.39072045497599,94.98985468494972,69.46235973515286,94.35046183221836,100.0,80.02900552486189,68.78721374045801,70.646484375,95.0709939148073,69.6792287467134,70.78710462287104,100.0,89.69337016574588,63.23854961832061,66.67773437500001,95.09127789046656,76.6555652936021,82.76034063260339,0,0,0,0,0,0,0,0,0,1
Norway,96.45030425963488,Western Europe,2018,100.0,87.76555074512623,77.12133513152148,70.70551509968945,95.29412128378843,69.8217793998752,93.28002187167336,100.0,82.33287292817678,75.2595419847328,74.013671875,94.50304259634886,69.74496056091148,68.54622871046229,100.0,92.50414364640885,69.6087786259542,67.771484375,94.98985801217042,77.58194566170027,80.9580291970803,0,0,0,0,0,0,0,0,0,1
Canada,91.0547667342799,North America,2018,94.43182078718849,84.40620332791657,70.57272978411355,85.06635203957559,90.81135871686024,73.1426513999518,90.106386337837,100.0,79.24033149171271,68.7094465648855,87.56640625,92.59634888438131,72.53286590709905,66.67274939172749,100.0,87.4267955801105,63.27719465648854,89.474609375,93.06288032454364,79.37160385626645,80.45072992700729,0,0,0,0,0,1,0,0,0,0
Finland,97.22109533468564,Western Europe,2018,100.0,85.35232827149693,68.87270635320945,47.94585402123632,93.91480451665116,70.916535455234,93.68897354515812,100.0,78.87292817679555,67.07919847328245,49.7890625,92.77890466531441,71.07011393514459,69.0170316301703,100.0,88.63121546961322,61.55772900763358,45.607421875,92.63691683569981,77.92375109553025,80.18613138686129,0,0,0,0,0,0,0,0,0,1
Netherlands,93.34685598377285,Western Europe,2018,92.88419113933662,80.85421106433341,71.75308374958206,91.89254487864667,92.04867860124749,71.05136941547046,86.91844423902006,98.34172634071123,76.25828729281767,69.8797709923664,92.609375,91.27789046653143,71.19281332164769,62.5985401459854,100.0,85.04972375690608,63.42748091603053,92.98828125,92.06896551724138,78.25065731814199,77.86922141119221,0,0,0,0,0,0,0,0,0,1
Sweden,90.77079107505071,Western Europe,2018,100.0,84.65802471940687,71.29710252958397,75.27329144068065,90.16227018035214,72.81990870376309,89.91254072119708,100.0,80.41160220994476,69.26574427480917,74.71484375,90.30425963488844,72.8492550394391,66.1581508515815,100.0,91.13259668508287,63.5357824427481,70.82421875,91.78498985801218,79.83085013146362,78.41058394160585,0,0,0,0,0,0,0,0,0,1
New Zealand,90.973630831643,Australia and New Zealand,2018,100.0,84.81521138828757,67.06612824483683,97.65725117176778,90.77079370587649,71.58279627901122,94.17245277813198,100.0,80.31353591160219,64.91698473282442,96.486328125,91.17647058823529,72.8273444347064,71.33698296836981,100.0,88.31215469613261,59.6459923664122,92.775390625,90.20283975659231,79.61174408413673,80.27189781021899,1,0,0,0,0,0,0,0,0,0
Australia,89.91886409736307,Australia and New Zealand,2018,98.97058839748692,83.09494230628674,70.82132324007634,93.30063476227228,90.16227018035214,73.96027981242418,91.85170025140995,100.0,78.50414364640882,68.91364503816793,92.591796875,90.75050709939148,74.60122699386503,67.19951338199512,100.0,89.95027624309391,63.625,85.08203125,90.16227180527383,81.64417177914109,79.63686131386861,1,0,0,0,0,0,0,0,0,0
Israel,80.6288032454361,Middle East and Northern Africa,2018,28.01101104957623,56.075774009715175,65.61939042943129,64.4692685455084,88.72210589673898,73.47975458417616,83.71593453298235,28.680675894734772,50.32044198895027,63.81965648854961,63.0625,89.81744421906694,74.4233128834356,60.5456204379562,25.581927341946635,57.070441988950265,58.61498091603053,64.7890625,90.04056795131848,80.09377738825592,74.44829683698296,0,0,0,0,1,0,0,0,0,0
Costa Rica,85.86206896551725,Latin America and Caribbean,2018,32.895561964550154,80.12868093522208,52.944002033189875,41.916646296158405,86.00405671775458,66.56522922198255,86.15593985629498,34.658007408543504,76.27762430939225,50.991889312977094,44.048828125,86.1663286004057,66.7361963190184,62.13625304136252,34.776305338448445,87.53591160220994,45.600190839694655,49.79882812499999,88.98580121703856,75.39614373356707,75.29683698296836,0,0,0,1,0,0,0,0,0,0
Austria,87.22109533468559,Western Europe,2018,72.641621153897,78.42074441646338,70.94929691489408,61.811000341549615,84.5233274231576,71.45735488243005,88.80443816637471,70.15067243363865,75.0759668508287,69.19751908396947,64.189453125,86.815415821501,70.60911481156879,65.92639902676397,61.370337191804154,86.23342541436466,63.799141221374036,64.625,88.45841784989858,78.03856266432955,78.89537712895375,0,0,0,0,0,0,0,0,0,1
Mexico,74.01622718052737,Latin America and Caribbean,2018,43.630285842167275,57.00690723255857,55.0183119209666,23.63094390602773,75.84178638264808,62.22427674911193,73.65341604190998,60.31551398348496,52.084254143646405,53.20038167938932,22.919921875,79.89858012170386,62.35144609991236,43.46715328467153,70.03237450373368,66.54834254143645,48.689885496183216,27.48828125,88.19472616632862,71.37949167397021,55.62712895377128,0,0,0,1,0,0,0,0,0,0
United States,82.08924949290063,North America,2018,44.571632988142575,69.85366344451906,73.77191240550906,76.6755430959166,84.25963550745601,67.86035300345924,86.36986397188628,48.85704505074664,66.52348066298342,71.94465648854961,80.228515625,86.51115618661258,68.27344434706399,63.736009732360095,52.215391838604,75.41988950276242,66.53196564885496,78.330078125,86.815415821501,75.52936021034179,75.85827250608271,0,0,0,0,0,1,0,0,0,0
Brazil,72.61663286004055,Latin America and Caribbean,2018,36.50567686813503,60.42178823144392,52.83173713975285,31.70896379742773,76.99797624506775,54.03613960607125,87.06240903432054,46.5502354176,55.83563535911602,51.88645038167938,30.8125,83.42799188640977,53.82559158632778,63.222627737226276,57.57494527402017,67.74723756906076,46.814885496183216,28.46484375,84.05679513184585,61.08851884312006,74.99209245742092,0,0,0,1,0,0,0,0,0,0
Luxembourg,82.57606490872213,Western Europe,2018,100.0,82.40716727399031,83.10799607793797,55.308785522356644,81.62271635043935,74.06568757073067,88.66080692504744,100.0,75.78729281767954,80.98854961832063,53.84960937499999,81.7849898580122,74.09465381244523,63.259732360097324,100.0,85.05939226519335,74.61402671755725,54.75390625000001,83.30628803245439,80.53812445223488,74.18673965936739,0,0,0,0,0,0,0,0,0,1
Ireland,83.93509127789048,Western Europe,2018,98.05194679244028,79.15888702013218,73.26844653100476,83.56607868336133,83.93509607527851,70.97130799690535,94.78291455846652,97.77323906644577,74.59668508287291,70.77337786259542,87.818359375,82.51521298174444,71.38913234005257,70.6551094890511,94.31959672394275,85.32734806629833,63.73854961832061,89.65039062500001,83.18458417849901,78.46888694127956,83.30170316301701,0,0,0,0,0,0,0,0,0,1
Belgium,82.92089249492902,Western Europe,2018,82.5927002801752,74.55396718083162,69.83686835711259,45.21549562923614,82.1906651928266,71.69955033779561,88.94846097106203,86.25233511514648,70.93093922651933,68.00524809160305,47.34375,82.96146044624747,71.83085013146362,64.02007299270072,74.06764833493605,80.73204419889504,62.39599236641221,43.45703125,83.1237322515213,78.5863277826468,78.20316301703163,0,0,0,0,0,0,0,0,0,1
United Arab Emirates,79.81744421906693,Middle East and Northern Africa,2018,100.0,84.02558980067127,77.59271800973042,70.4964739270508,77.26165848861602,63.6983555100865,77.03225252982176,100.0,77.64502762430939,75.07251908396947,51.93554687499999,75.74036511156186,63.972830850131466,52.9890510948905,100.0,88.61464088397787,68.0949427480916,51.61718750000001,82.39350912778905,70.92462751971955,68.47627737226277,0,0,0,0,1,0,0,0,0,0
United Kingdom,88.25557809330631,Western Europe,2018,87.22108549023224,70.19199389779102,68.7802452167481,96.24495287425819,78.60041024476956,70.5815897397468,91.02555232036435,90.03458281849659,69.11049723756906,66.92891221374046,97.9609375,78.82352941176471,70.98247151621385,66.1021897810219,100.0,82.3549723756906,60.41841603053435,100.0,81.70385395537527,79.70464504820333,78.19221411192213,0,0,0,0,0,0,0,0,0,1
Venezuela,39.89858012170386,Latin America and Caribbean,2018,21.192128732048573,21.27032088969958,53.83736645902385,12.699146464001386,48.90466531440162,54.08801288588018,87.06433059525303,27.28738916474308,27.412983425414357,54.087309160305345,8.30078125,65.82150101419877,54.25416301489921,62.83576642335766,36.37332739216536,59.26519337016573,49.8206106870229,11.408203125,80.54766734279919,63.14811568799297,76.39659367396592,0,0,0,1,0,0,0,0,0,0
Singapore,71.07505070993916,Southeastern Asia,2018,100.0,75.94483004090537,80.73843844974333,67.57148075848808,75.7200816775432,83.21581024751657,82.34880556445316,100.0,67.36187845303867,78.50906488549619,63.87890625,79.10750507099392,83.01402278702892,52.77250608272505,100.0,74.93370165745856,72.60782442748092,60.751953125,80.30425963488842,89.85539000876423,62.043795620437955,0,0,0,0,0,0,1,0,0,0
Panama,72.83975659229209,Latin America and Caribbean,2018,23.325697951048056,75.97055718385054,58.86204370105535,41.12440219614648,73.28600691975255,61.889231779615066,83.52752729634003,27.67842954415113,67.57872928176795,56.44370229007634,47.2265625,78.3367139959432,62.08150744960561,60.16545012165451,30.46171695052605,74.8756906077348,50.74093511450381,47.72265625,80.0608519269777,69.8168273444347,72.9014598540146,0,0,0,1,0,0,0,0,0,0
Germany,83.69168356997972,Western Europe,2018,90.93559838505642,77.69494260872264,70.98871105499856,65.67757227458067,83.40771224387525,70.02197473744987,89.56936444099209,93.82011657545515,73.84806629834254,69.07776717557252,59.47656249999999,84.27991886409735,71.41717791411044,66.77250608272504,71.77726896983178,84.91298342541434,63.354961832061065,55.10546875,79.33062880324545,78.16476774758982,79.03710462287104,0,0,0,0,0,0,0,0,0,1
Chile,73.77281947261662,Latin America and Caribbean,2018,27.040272053390346,52.057358935392955,59.770258100888356,63.80125414580099,77.34279818273713,71.82118351474128,78.1037076546326,37.62859987060127,52.19475138121547,58.048664122137396,61.708984375,78.41784989858012,71.76424189307625,55.101581508515814,42.28822388741313,60.955801104972366,52.82204198473283,65.16210937500001,77.7079107505071,75.24715162138476,68.39841849148418,0,0,0,1,0,0,0,0,0,0
Qatar,71.70385395537525,Middle East and Northern Africa,2018,100.0,83.44350598793659,89.25408807419655,64.54567774198946,71.72413793103449,62.23471409181664,77.51197565501033,100.0,78.28591160220994,87.03578244274809,63.2578125,71.72413793103449,62.85977212971078,53.506082725060814,100.0,88.45303867403315,80.64980916030535,63.619140625,76.5111561866126,69.87992988606486,65.60827250608273,0,0,0,0,1,0,0,0,0,0
France,74.03651115618659,Western Europe,2018,56.68522269629697,64.94780601058879,68.26924913712118,25.344200548715822,73.08316252052659,74.01102995475478,84.41465034392031,58.51804265965134,64.31215469613258,66.54961832061068,23.75,73.81338742393508,73.43996494303242,61.13625304136252,67.843862800492,75.98204419889501,60.96278625954198,24.0859375,75.78093306288032,82.89132340052582,76.66545012165449,0,0,0,0,0,0,0,0,0,1
Argentina,71.98782961460445,Latin America and Caribbean,2018,19.63084735935097,68.30375744492969,56.55035604047424,21.378332166932623,76.26774801443854,60.92349548908204,87.61868279635765,23.975047127404324,58.40331491712706,54.9317748091603,21.462890625000004,77.30223123732253,61.09640666082385,64.84914841849148,27.87887881426785,62.118784530386726,50.262881679389295,22.365234375,75.7606490872211,68.99474145486415,75.92639902676397,0,0,0,1,0,0,0,0,0,0
Czech Republic,78.53955375253551,Central and Eastern Europe,2018,12.11664151500889,67.81024498175523,64.53637175887596,17.208351346198477,76.47059241366429,66.12129737994425,87.21929542049574,13.098209683365354,57.20718232044199,62.45944656488549,19.392578125,76.20689655172414,66.93777388255916,61.309610705596114,8.714614169665058,64.03867403314915,56.249045801526705,20.87109375,74.36105476673428,74.04294478527606,73.38381995133821,0,1,0,0,0,0,0,0,0,0
Uruguay,71.80527383367141,Latin America and Caribbean,2018,58.51208593850171,80.026554468587,58.08968011659542,34.198618959635546,73.3265719307363,63.03390215406493,85.9019385057062,70.3018308996283,75.12154696132595,56.372614503816784,35.265625,75.17241379310346,63.26292725679229,62.7390510948905,80.69890451683051,83.37292817679555,50.6517175572519,45.39062499999999,73.9553752535497,71.13058720420683,73.53406326034063,0,0,0,1,0,0,0,0,0,0
Colombia,69.39148073022312,Latin America and Caribbean,2018,15.33559875657138,65.95130042476546,51.079309396161264,29.104389250278512,71.35902381571991,52.14968655424925,85.29093288737224,17.74140343213486,61.78867403314918,49.156488549618324,30.51953125,73.8742393509128,52.28659070990359,62.14659367396593,16.824594475371455,73.84806629834254,43.82681297709924,35.93945312499999,73.79310344827587,60.5407537248028,75.43673965936738,0,0,0,1,0,0,0,0,0,0
Thailand,65.57809330628804,Southeastern Asia,2018,10.388114271446684,80.13822261799763,53.81053299394275,100.0,72.71804840521197,56.7255941636723,86.72703501661921,9.309389872798308,68.44337016574585,51.97041984732825,100.0,73.7322515212982,56.893076248904464,63.55048661800487,10.472652850197038,76.88397790055247,46.1307251908397,100.0,73.34685598377283,64.7239263803681,76.94890510948905,0,0,0,0,0,0,1,0,0,0
Saudi Arabia,71.6430020283976,Middle East and Northern Africa,2018,89.85130475291786,62.12024481257015,73.02593297630773,28.831252711824998,71.0953319000183,51.722027145907276,78.26506076357967,98.60789668299739,52.353591160220994,71.06536259541984,30.189453125000004,71.80527383367141,51.943032427694995,51.59914841849148,100.0,42.88397790055248,66.57490458015268,26.76953125,72.45436105476675,63.12445223488168,65.9324817518248,0,0,0,0,1,0,0,0,0,0
Spain,70.40567951318458,Western Europe,2018,23.30275247664798,56.46149591846367,66.04951642851813,37.13546320796016,72.29208677342172,77.9106573093157,93.19287727058943,20.166510995186453,51.85773480662983,64.05200381679388,34.501953125,71.44016227180529,77.034180543383,68.70133819951339,21.024170986997376,63.46823204419889,58.68845419847328,35.599609375,70.79107505070994,83.75284837861524,79.91423357664233,0,0,0,0,0,0,0,0,0,1
Malta,76.83569979716026,Western Europe,2018,50.298330800293144,81.32141598021781,64.08777855734779,100.0,74.80730122533348,72.03718113544005,90.53598935296654,57.68338504309971,75.9585635359116,62.39599236641221,100.0,74.01622718052737,70.3900087642419,66.83637469586374,44.644324324686835,83.3770718232044,57.604961832061065,100.0,70.24340770791076,77.7572304995618,79.19890510948905,0,0,0,0,0,0,0,0,0,1
Kuwait,65.80121703853953,Middle East and Northern Africa,2018,70.70258166904793,68.55491610521767,77.90803681803102,44.58785115275527,66.24746488992879,55.39927327977677,76.6240114713236,77.77760285889981,59.62154696132597,77.15362595419846,31.181640625,68.96551724137932,55.71340929009641,53.380778588807786,84.15254685933351,76.6560773480663,74.1517175572519,31.6953125,70.10141987829614,63.533742331288344,70.92092457420924,0,0,0,0,1,0,0,0,0,0
El Salvador,67.50507099391483,Latin America and Caribbean,2018,29.568225794768647,59.731012385194475,43.405748846876705,15.284762775991114,64.17849457529938,52.23650769326477,71.905419194205,34.87488694670259,51.476519337016576,41.68416030534351,17.337890625,65.49695740365111,52.23488168273443,49.25486618004866,38.69656729335434,55.73204419889503,36.47614503816794,20.8828125,66.75456389452333,59.36634531113059,62.35218978102191,0,0,0,1,0,0,0,0,0,0
Guatemala,71.86612576064908,Latin America and Caribbean,2018,25.375983324265718,73.38544446460456,41.60314627731121,55.36882672458887,73.3265719307363,47.34793950548097,76.3737952332135,28.591952447306067,69.58425414364639,39.815839694656475,56.265625,70.6896551724138,47.36108676599474,52.992092457420924,31.125499779437188,79.74171270718232,35.56917938931298,53.68945312500001,66.61257606490871,56.463628396143726,63.476885644768856,0,0,0,1,0,0,0,0,0,0
Uzbekistan,66.06490872210954,Central and Eastern Europe,2018,81.01049572947674,90.91832361168615,37.52104426158292,81.24680607579647,63.529415710944406,43.6698183691575,94.21953464656569,93.1037568888085,84.04419889502763,35.11020992366413,67.04296875,63.85395537525356,43.96406660823839,71.05231143552311,100.0,90.91298342541435,30.17366412213741,44.60351562499999,64.1784989858012,52.38562664329535,81.53467153284672,0,1,0,0,0,0,0,0,0,0
Slovakia,67.62677484787018,Central and Eastern Europe,2018,7.9558156394164925,40.85876582735815,63.23442545555916,26.668843929655857,66.10547767933184,62.46563638123786,91.54861570854864,9.683999984163998,32.30801104972375,61.05582061068701,27.025390625,65.69979716024339,61.671340929009645,65.85644768856447,11.274449930663955,43.854972375690615,55.76860687022901,32.994140625,64.01622718052738,69.15162138475021,77.25,0,1,0,0,0,0,0,0,0,0
Japan,62.39350912778905,Eastern Asia,2018,53.81265593798987,69.83778259372183,67.60091499517891,23.549368779640627,62.49493055362981,80.059234976873,87.36848106059428,62.3857277568217,64.58701657458563,65.84303435114505,19.96875,62.515212981744426,80.18492550394392,64.50973236009732,59.346128168986034,68.52900552486186,60.626908396946575,20.908203125,63.85395537525356,86.86327782646799,76.46715328467154,0,0,1,0,0,0,0,0,0,0
South Korea,61.582150101419884,Eastern Asia,2018,20.79502414756363,35.624539489904144,66.87397151502957,40.366087341681045,60.83163936529881,78.89693917985755,68.62983216334426,25.355189642962138,34.76243093922652,64.86068702290076,36.765625,60.77079107505071,77.6906222611744,43.91362530413625,25.81852320175655,45.867403314917134,59.38024809160305,36.24414062500001,63.793103448275865,84.60823838737949,58.25669099756689,0,0,1,0,0,0,0,0,0,0
Ecuador,63.56997971602434,Latin America and Caribbean,2018,46.0489964051704,62.87267935868785,47.74906480585353,29.318840824998837,64.27991677491218,60.09081703440122,78.23411275580536,59.2705489359912,55.62154696132596,46.42461832061068,19.67578125,63.630831643002026,60.13409290096406,52.29562043795619,59.44470977724017,67.09116022099447,41.22232824427481,22.541015625,63.61054766734279,69.30324276950043,60.768248175182464,0,0,0,1,0,0,0,0,0,0
Bahrain,66.24746450304261,Middle East and Northern Africa,2018,84.46543488477431,74.13631480043105,71.0120353534933,33.72431383468202,65.88235077461421,57.24215904523366,80.48117160797142,84.68817359751428,65.43508287292818,68.71374045801527,33.490234375,68.5395537525355,57.577563540753715,57.419099756691,100.0,62.834254143646405,63.156488549618324,33.91015625,63.306288032454354,65.4829097283085,73.98053527980535,0,0,0,0,1,0,0,0,0,0
Italy,64.11764705882354,Western Europe,2018,9.210181093532238,35.42136915480897,66.55852189500811,33.74797815922656,63.387428500347674,74.77163432670412,87.8907105638455,8.399153023251841,26.004143646408835,64.64456106870229,32.5859375,63.65111561866127,74.5854513584575,63.36192214111922,9.532841518174337,36.23756906077347,59.691793893129756,44.576171875,63.0628803245436,83.65118317265558,72.85705596107054,0,0,0,0,0,0,0,0,0,1
Bolivia,59.08722109533471,Latin America and Caribbean,2018,19.87330502850513,77.17305619413688,39.77846212059485,44.05482904985547,60.52738243861319,41.51010074498467,74.67269172343613,25.453771251216267,70.38812154696132,37.89217557251908,42.37890625,60.50709939148074,41.16564417177914,50.960462287104605,28.917271754544693,79.30110497237568,32.50620229007634,40.109375,61.886409736308316,47.256792287467135,59.5139902676399,0,0,0,1,0,0,0,0,0,0
Moldova,56.815415821501006,Central and Eastern Europe,2018,3.3160507275868483,33.249868625435354,34.774362130929475,40.7771731261164,60.83163936529881,51.66215608247422,76.14510772872141,6.25336001692029,34.80939226519336,33.00429389312977,39.056640625,62.02839756592293,45.84487291849255,50.5669099756691,5.306976577680644,45.32872928176796,28.362595419847327,40.919921875,61.86612576064908,54.18580192813322,61.7566909975669,0,1,0,0,0,0,0,0,0,0
Paraguay,57.64705882352943,Latin America and Caribbean,2018,29.92474734642655,65.40162869579889,44.49128422118325,43.77942532300957,53.833672018612184,50.76693192999369,91.68399511462592,24.303652488251423,63.86049723756905,42.63979007633587,49.40625,54.74645030425963,51.09114811568799,67.58576642335767,27.08365384101788,74.44613259668506,36.2523854961832,66.875,61.643002028397554,57.92988606485538,79.3655717761557,0,0,0,1,0,0,0,0,0,0
Kazakhstan,59.8580121703854,Central and Eastern Europe,2018,39.19699592372808,60.421862325615606,61.28608156706535,39.446176378987694,60.44624274449228,53.11494747031481,84.20736105192576,36.58034876949903,55.96685082872928,58.656011450381676,29.318359375,62.47464503042595,50.29447852760737,58.11678832116788,27.78029720601373,71.33839779005524,53.55629770992365,23.099609375,61.17647058823531,56.41367221735321,68.27311435523114,0,1,0,0,0,0,0,0,0,0
Slovenia,63.0628803245436,Central and Eastern Europe,2018,14.829624359572005,79.08505629439378,63.988833709527654,47.39240102935586,59.20892286010486,69.31009886037036,88.35272632376093,11.94480486679204,73.43093922651933,61.9976145038168,50.26953125,59.411764705882355,69.36985100788782,64.24148418491485,12.444285015279627,84.05386740331491,56.53530534351146,49.46875,61.03448275862069,76.54425942156004,77.48479318734792,0,1,0,0,0,0,0,0,0,0
Lithuania,63.144016227180536,Central and Eastern Europe,2018,3.8991138514195467,32.35245648339309,62.718623467073954,1.9852845071,62.12981643831522,55.12269414589133,89.62993349182055,5.980617567417197,26.145027624309392,60.55343511450382,3.955078125,60.32454361054766,56.68185801928133,64.72688564476886,3.387921270333588,29.477900552486183,54.73425572519084,5.158203125000001,60.73022312373225,64.09114811568799,76.48722627737226,0,1,0,0,0,0,0,0,0,0
Nicaragua,66.97768762677485,Latin America and Caribbean,2018,42.94477143220961,61.81655338455953,35.17648873438363,58.920745505020115,65.55781134243671,57.23890978238956,78.2977925599927,53.53638538920933,64.33977900552486,33.103053435114504,58.15039062499999,63.95537525354972,57.154250657318144,54.453163017031635,63.47669755483406,76.62292817679555,28.303912213740464,54.32617187499999,60.6288032454361,65.13058720420682,69.45498783454987,0,0,0,1,0,0,0,0,0,0
Peru,57.281947261663284,Latin America and Caribbean,2018,15.460582060311113,62.155093771318086,49.39051871081347,24.769475567154487,58.336717091032256,55.22928250452384,74.13445162947141,17.389795696028465,51.798342541436455,47.520038167938935,28.373046875000004,58.90466531440162,55.209465381244506,49.425182481751825,19.680175061132747,57.31491712707182,42.9479961832061,29.26171875,60.54766734279921,63.99386503067485,59.281630170316284,0,0,0,1,0,0,0,0,0,0
Belarus,53.63083164300203,Central and Eastern Europe,2018,51.36555977637435,40.80114114350373,55.17927289919085,30.30029474757617,55.37524882968497,55.89082092699728,87.89204477973782,57.36463784307803,40.18093922651933,53.94179389312978,27.230468750000004,60.101419878296156,55.30587204206835,63.86435523114354,62.730763385711136,52.40055248618784,49.23282442748093,21.57421875,60.32454361054766,64.51183172655566,74.99330900243308,0,1,0,0,0,0,0,0,0,0
Poland,66.61257606490871,Central and Eastern Europe,2018,19.488863055372843,71.87045740159171,61.631100323364016,30.95038409810508,63.569980721928204,61.303711480785104,87.93868432659853,18.073294846590432,62.41712707182321,59.43940839694656,28.208984375,60.77079107505071,60.524101665205954,63.677007299270066,13.840857798879796,73.37292817679555,53.699904580152676,32.732421875,59.87829614604465,68.2760736196319,77.82725060827251,0,1,0,0,0,0,0,0,0,0
Malaysia,70.64908722109534,Southeastern Asia,2018,21.556744365905203,55.56146166601228,61.60378911113025,81.36893156915899,65.82150325813834,54.2317640353043,78.14148626768369,29.840652818525037,53.91022099447513,59.70515267175573,81.00390624999999,64.21906693711968,54.659070990359346,53.54318734793186,34.50684894255384,73.23756906077347,53.66698473282442,64.599609375,59.45233265720079,63.44785276073619,65.09914841849148,0,0,0,0,0,0,1,0,0,0
Croatia,50.344827586206904,Central and Eastern Europe,2018,14.163913030033374,35.32766472568825,58.32806457090028,48.43808128498496,49.7768807556276,61.46262237421779,58.87974497755656,13.150786541100892,33.0207182320442,56.60734732824427,36.00390625,53.73225152129817,61.80893952673093,36.98844282238442,7.985110268584497,35.75,51.647900763358784,10.6328125,59.22920892494928,69.06660823838739,48.4330900243309,0,1,0,0,0,0,0,0,0,0
Libya,55.314401622718066,Middle East and Northern Africa,2018,30.432211534417423,64.32779421463852,52.566940092858296,29.701887979172263,54.48276055512026,45.58887113927231,82.57690572390571,33.97450825798154,56.17679558011049,50.90076335877861,33.373046875,56.308316430020284,45.840490797546,57.83211678832117,36.22216892617569,57.5524861878453,53.98139312977099,35.732421875,59.127789046653135,61.68273444347064,68.04257907542579,0,0,0,0,1,0,0,0,0,0
Russia,60.26369168356997,Central and Eastern Europe,2018,10.83177941498024,51.627501598379276,61.15353516949952,10.207777813775467,63.367136322702464,47.971019611141365,89.37240807099329,11.783788239976962,45.14088397790054,58.79198473282442,5.343750000000001,61.19675456389453,51.7011393514461,64.02737226277371,9.874591093455315,50.661602209944746,54.2767175572519,0.388671875,58.35699797160244,58.655565293602116,75.19282238442821,0,1,0,0,0,0,0,0,0,0
Jamaica,61.886409736308316,Latin America and Caribbean,2018,18.1612891250362,65.5120495933196,44.15931819959451,45.66764400806271,50.14198519878885,56.180752337135665,83.22494308443855,14.11031419477442,60.21685082872928,42.620706106870216,43.447265625,54.17849898580121,52.120070113935135,58.620437956204384,7.554637245874799,69.67127071823204,38.663167938931295,41.46484375,58.21501014198782,60.24627519719545,70.01338199513383,0,0,0,1,0,0,0,0,0,0
Cyprus,59.290060851927,Western Europe,2018,13.551020116197911,49.04855516075428,64.69170214565648,52.979355677962296,56.430016492491504,74.03283971741368,68.81771731550668,17.17948826508632,40.75552486187845,62.90887404580153,54.50390624999999,54.90872210953347,74.39088518843121,43.0030413625304,20.196085477662688,56.17679558011049,57.63979007633587,59.83984375000001,57.80933062880325,80.943032427695,54.329683698296826,0,0,0,0,0,0,0,0,0,1
Algeria,49.817444219066935,Middle East and Northern Africa,2018,48.007965057925674,32.228702751312426,52.09277035625859,13.56184511678293,61.52130258494404,54.12661224786485,69.72125701950729,53.092768152065744,29.01381215469613,50.22232824427482,13.7578125,71.3184584178499,54.166520595968436,50.67457420924574,57.121469876051165,39.47375690607734,44.81345419847328,15.27734375,56.105476673428,54.13321647677476,65.55474452554743,0,0,0,0,1,0,0,0,0,0
Kosovo,57.261663286004065,Central and Eastern Europe,2018,18.88548178985621,35.951372997536886,45.39524724010291,62.48661084100606,49.49289666228074,47.45416741534137,69.21250019630352,21.51379297465955,19.883977900552484,43.0081106870229,54.671875,51.967545638945225,47.326906222611754,40.18369829683698,15.579180157760954,34.183701657458556,38.23854961832061,55.29296875000001,55.780933062880315,55.33041191936897,49.3905109489051,0,1,0,0,0,0,0,0,0,0
Turkmenistan,56.7342799188641,Central and Eastern Europe,2018,85.19762369976401,57.77236588752072,53.94927304209639,48.813474131748045,60.5070999331213,38.36337251688282,90.82415823228772,93.54408807234358,51.66850828729282,51.53482824427482,44.076171875,57.18052738336713,38.567922874671346,63.14902676399027,100.0,65.75966850828728,45.72853053435114,33.162109375,54.949290060851915,47.22699386503068,74.6155717761557,0,1,0,0,0,0,0,0,0,0
Mauritius,61.90669371196756,Sub-Saharan Africa,2018,13.861085161588036,67.85184062646891,56.74597074967318,70.49487321637578,56.59229588073367,55.916517267720316,73.57426948500972,17.097336924874547,63.73618784530386,54.56679389312978,72.169921875,56.97768762677485,58.00964066608238,46.04318734793187,24.714409189310288,77.43922651933701,48.07299618320612,73.71875,53.50912778904666,62.18229623137599,59.92761557177615,0,0,0,0,0,0,0,0,1,0
Estonia,58.82352941176471,Central and Eastern Europe,2018,60.216578213841046,66.17837436291393,63.019052489113086,19.314611563459046,56.227181765419076,60.926232810191756,89.82184304518125,60.85442677527422,57.33563535911602,61.05152671755725,16.451171875,54.32048681541583,59.68273444347064,63.9677615571776,49.895437991023464,61.99999999999999,54.94942748091602,16.953125,52.53549695740364,67.80105170902718,74.69038929440389,0,1,0,0,0,0,0,0,0,0
Indonesia,45.720081135902646,Southeastern Asia,2018,5.033292834992131,61.23252254164682,47.4970702451604,100.0,49.148074724611355,43.15036989741946,77.52096710993976,1.058109261927658,54.19475138121547,45.374045801526705,100.0,50.20283975659229,43.27256792287466,53.29987834549878,0.0,64.37983425414365,39.51669847328245,100.0,51.926977687626774,55.90972830850132,66.12408759124087,0,0,0,0,0,0,1,0,0,0
Vietnam,45.92292089249493,Southeastern Asia,2018,28.796751546336424,78.87508164453246,37.62154463138288,45.892197522334754,45.33468319968318,57.15766776349861,77.70628534674331,37.973635499490726,77.28453038674031,35.32299618320611,48.97460937499999,45.0709939148073,57.981595092024534,48.12469586374696,34.30968572604557,82.1049723756906,30.16030534351145,32.9296875,51.135902636916846,65.4478527607362,55.490267639902676,0,0,0,0,0,0,1,0,0,0
Turkey,53.63083164300203,Middle East and Northern Africa,2018,32.75261547838679,41.538756855284944,57.169578912603995,9.119734750129275,53.97565922920893,55.88129776596082,81.37184773048357,40.57618995739975,32.99585635359116,55.57824427480917,9.193359375,51.72413793103448,56.72042068361086,53.355839416058394,51.74220011898416,31.51243093922652,50.61927480916031,23.931640625,50.567951318458434,64.12971078001753,57.56204379562043,0,0,0,0,1,0,0,0,0,0
Kyrgyzstan,46.49087221095336,Central and Eastern Europe,2018,12.959925647872572,62.837484627138814,28.445614316991268,83.70710420422266,43.91481109371543,48.506380067803605,84.80770019429136,15.64818728353884,55.54143646408839,26.738549618320604,75.0625,47.58620689655172,48.59684487291849,58.04987834549878,13.906578871049216,60.051104972375676,22.62786259541985,58.65234375,49.634888438133885,57.04469763365469,70.02128953771289,0,1,0,0,0,0,0,0,0,0
Nigeria,46.97768762677485,Sub-Saharan Africa,2018,8.583686645015854,54.55145931375621,37.392951149976895,45.10687431320546,45.33468319968318,4.988232273265627,73.95197585261374,10.022463505836509,38.47237569060773,35.88549618320611,45.349609375,41.29817444219067,4.476774758983347,39.23236009732361,13.24279604213808,47.42265193370165,31.21898854961832,53.189453125,49.26977687626775,14.028921998247153,55.007299270073005,0,0,0,0,0,0,0,0,1,0
Bhutan,45.496957403651116,Southern Asia,2018,56.97372555719689,69.27316030744697,42.243148306853904,92.58877835236484,44.056798304312174,43.460060691332,81.5162113403169,53.10262631289115,63.638121546961315,40.682251908396935,94.81640625,47.80933062880325,43.6099912357581,55.2530413625304,50.7530979828344,73.4889502762431,36.75667938931297,93.74609375,48.9655172413793,50.31288343558282,67.15024330900242,0,0,0,0,0,0,0,1,0,0
Azerbaijan,47.9107505070994,Central and Eastern Europe,2018,59.47346508101396,54.993900310927344,55.03825217712929,8.841668022796503,48.58012588222415,47.39489709986187,70.09733912428527,58.866364342149275,48.794198895027606,53.61307251908396,11.015625,49.73630831643003,47.76862401402278,46.25425790754257,52.7904512200864,51.14640883977899,48.84971374045802,15.232421875000002,48.13387423935093,56.13058720420682,57.051703163017024,0,1,0,0,0,0,0,0,0,0
Pakistan,53.40770791075053,Southern Asia,2018,40.861441344099156,32.48829579814364,34.6795577584332,61.61055061966172,49.29006193520812,35.2364402398219,40.91792515594592,45.610424085577314,20.19613259668508,32.83206106870229,60.90820312500001,46.511156186612595,35.325153374233125,15.89720194647202,34.385264959040406,16.715469613259668,28.407919847328248,65.763671875,47.76876267748479,45.10604732690622,25.189172749391734,0,0,0,0,0,0,0,1,0,0
Jordan,47.099391480730226,Middle East and Northern Africa,2018,39.36799748790564,57.79297641627693,47.28112568837085,33.627043012529676,50.64908652470022,52.98773517324462,75.37037061658819,43.69465483183872,49.75552486187845,47.55391221374045,27.85546875,49.97971602434078,53.209465381244534,52.442822384428226,46.967564225875826,56.161602209944746,43.033396946564885,21.587890625,47.72819472616634,61.03330411919369,64.10705596107057,0,0,0,0,1,0,0,0,0,0
Montenegro,50.872210953346865,Central and Eastern Europe,2018,28.97451286881732,26.932189971702485,53.4889807227915,38.65449689328672,48.640973398700005,58.49821853804866,75.32703760476579,41.801887953359426,20.87154696132596,51.44942748091602,33.57617187499999,47.099391480730226,55.68185801928134,45.11739659367397,46.97742238670124,25.22099447513812,46.487595419847324,31.5234375,47.72819472616634,63.55915863277827,55.08333333333334,0,1,0,0,0,0,0,0,0,0
China,48.82352941176472,Eastern Asia,2018,7.490320834538558,65.30216961934418,51.582337335775755,5.626336132991133,49.37119195717585,64.97944790892805,70.61054816791302,9.02021715525286,60.79005524861878,49.03625954198474,9.685546875,48.80324543610548,64.47063978965821,48.28527980535279,9.138515085157817,71.40469613259667,42.467557251908396,15.986328125000002,46.673427991886406,71.56704645048201,57.588199513381994,0,0,1,0,0,0,0,0,0,0
Zambia,31.19675456389452,Sub-Saharan Africa,2018,25.701391870303002,63.75738846662954,30.36291885921975,48.74612204730508,33.97565799117321,22.59736150947186,61.02112522960583,37.72060937163847,58.925414364640865,29.199427480916032,34.89453124999999,39.675456389452336,20.659947414548643,38.783454987834546,40.970516390416265,67.44060773480662,22.441793893129773,38.263671875,46.45030425963488,26.22611744084137,55.7250608272506,0,0,0,0,0,0,0,0,1,0
Romania,63.00202839756594,Central and Eastern Europe,2018,1.4418876925331392,63.12206387519833,58.09560645627624,26.078108930960354,60.56794744959715,60.048931842305784,69.95689114804988,2.2312304001518006,50.70718232044198,55.80629770992366,25.173828125000004,54.54361054766734,59.248028045574046,44.28406326034063,2.132648791897671,48.43646408839778,49.78291984732825,26.8515625,46.34888438133874,67.38825591586328,53.88564476885643,0,1,0,0,0,0,0,0,0,0
Serbia,51.906693711967534,Central and Eastern Europe,2018,13.44120158715236,28.82811163670456,51.01706007964743,42.993336683139255,51.845841398103644,57.03634279637247,76.53222611930838,14.258186607155613,21.70994475138121,49.34971374045802,40.50195312499999,47.423935091277905,56.59947414548642,49.470194647201936,8.599602293368571,27.77209944751381,43.918416030534345,37.56054687499999,46.3286004056795,65.58808063102542,61.41362530413625,0,1,0,0,0,0,0,0,0,0
Portugal,52.150101419878304,Western Europe,2018,5.214786897966763,68.84879828816615,62.74691292347806,18.574748537503183,47.789050135119275,69.74965307819123,83.15346826892092,4.998087538484372,61.77762430939225,60.88120229007633,22.833984375,46.3286004056795,69.55565293602103,57.40085158150852,3.542365789931724,71.08977900552486,55.3392175572519,26.794921875,45.90263691683571,76.70376862401402,69.30352798053528,0,0,0,0,0,0,0,0,0,1
Latvia,62.75862068965517,Central and Eastern Europe,2018,24.265115836051702,44.9872807244569,60.150220648933214,29.897419153712697,61.075048775508535,55.965553972409715,85.44494780890814,29.21301657930708,38.668508287292816,58.104961832061065,34.072265625,55.192697768762685,56.04907975460123,57.80109489051095,20.80729144883829,40.982044198895025,53.10687022900765,35.59765624999999,45.82150101419879,63.485539000876415,66.64355231143551,0,1,0,0,0,0,0,0,0,0
Philippines,54.46247464503043,Southeastern Asia,2018,32.64099255170649,80.83075614265316,40.92076409409064,37.79559046961367,52.555777451087636,41.017445631971704,76.27235856949574,38.6341322747934,75.76519337016573,38.74856870229007,42.33203125,49.49290060851928,41.223488168273455,53.453163017031635,40.349452258415255,86.38812154696129,33.650763358778626,48.810546875,45.314401622718066,50.93251533742332,62.96593673965937,0,0,0,0,0,0,1,0,0,0
Morocco,48.985801217038535,Middle East and Northern Africa,2018,28.83945235929111,56.375460236112005,41.894779633019695,6.291006866376855,48.60040838771604,52.38480885544961,47.13287318709993,27.61599452559017,35.42265193370165,40.10400763358778,7.916015625,46.89655172413793,52.12182296231378,23.476277372262768,28.08261413799307,57.584254143646405,35.0567748091603,14.0078125,44.0973630831643,53.42156003505697,38.98722627737226,0,0,0,0,1,0,0,0,0,0
Albania,35.43610547667343,Central and Eastern Europe,2018,13.09959508351467,52.6931816043116,47.52828021540896,39.31893443223086,36.61257714818985,64.08060882093609,48.88596398406947,17.419370178504707,44.01381215469613,45.57729007633588,32.89062499999999,36.835699797160245,63.98510078878176,30.51277372262773,21.07346179112444,49.354972375690615,41.9212786259542,27.875,43.002028397565915,71.27519719544259,48.925790754257896,0,1,0,0,0,0,0,0,0,0
Bosnia and Herzegovina,46.45030425963488,Central and Eastern Europe,2018,0.0,28.232482997752072,46.87067832200582,64.2319326288998,47.52535821941764,61.80423378004093,65.04476505474453,0.0,13.136740331491714,44.55295801526717,58.376953125,47.13995943204868,62.021034180543396,39.15267639902676,0.7459341691229141,12.769337016574585,39.70562977099236,48.453125,42.799188640973625,69.30850131463629,55.90997566909975,0,1,0,0,0,0,0,0,0,0
Dominican Republic,49.95943204868156,Latin America and Caribbean,2018,37.44302104242401,76.32456267077623,51.49684334529246,36.51715815067285,48.498986188103274,50.383325630274925,85.3051524382731,40.655055244003066,72.18093922651933,49.039599236641216,41.57421875,46.97768762677485,50.54250657318141,60.52068126520681,46.77368706297604,79.65745856353591,42.718034351145036,42.3515625,41.50101419878296,58.56704645048203,71.29075425790754,0,0,0,1,0,0,0,0,0,0
Mongolia,46.36916835699797,Eastern Asia,2018,10.811868609329515,54.43977469897403,49.009344732488536,66.10629498027265,42.92089094738439,48.88549381760939,90.81576862474455,10.794686103827193,49.68508287292817,47.162690839694655,67.45898437500001,41.94726166328601,48.61437335670465,66.29136253041361,8.760618920183653,60.25690607734806,39.51288167938932,64.90234374999999,41.27789046653144,52.820333041191944,79.11192214111922,0,0,1,0,0,0,0,0,0,0
Greece,51.09533468559837,Western Europe,2018,14.225252756411894,13.22254847261787,61.52134928994514,0.0,48.438138671627385,71.0077916813147,75.39018082212651,13.561543242159765,8.041436464088397,59.58301526717558,0.0,44.5030425963489,70.13935144609991,45.90815085158151,4.590616891033969,10.633977900552486,55.060114503816784,0.0,40.93306288032454,77.31200701139352,56.528588807785866,0,0,0,0,0,0,0,0,0,1
Lebanon,51.09533468559837,Middle East and Northern Africa,2018,12.327245567573009,39.85027417293562,51.287573029976635,51.650538807734776,48.397563988490276,64.42428366538203,68.7119371989635,10.058610095529694,36.22651933701657,53.56297709923663,46.27539062500001,46.45030425963488,66.7581069237511,39.041362530413615,15.056697634014062,46.84530386740332,48.93320610687022,42.68359375000001,40.567951318458405,73.57318141980718,48.66240875912408,0,0,0,0,1,0,0,0,0,0
Hungary,56.40973630831644,Central and Eastern Europe,2018,12.039094037827127,24.290541341291572,61.355531215667924,15.3128246893175,50.40567711449048,60.277252631893695,81.69909318288137,14.695231737082254,27.306629834254142,59.2280534351145,19.3359375,46.77484787018254,59.253286590709905,56.66909975669099,9.062935852162985,44.353591160220994,53.47996183206107,25.0,39.77687626774848,66.52497808939529,73.12347931873478,0,1,0,0,0,0,0,0,0,0
Honduras,54.056795131845846,Latin America and Caribbean,2018,24.101708900724805,48.077328758345146,34.855587678101244,46.13063938450059,47.50507571392557,51.05779841738142,69.58302790231082,22.69348622010064,36.95441988950276,33.12452290076335,39.921875,41.217038539553755,51.168273444347065,45.982968369829685,22.42731587781449,55.45303867403314,28.402671755725194,44.974609375,39.53346855983773,60.92024539877301,57.99756690997565,0,0,0,1,0,0,0,0,0,0
Tajikistan,47.870182555780936,Central and Eastern Europe,2018,48.100314961294266,65.13352305190993,25.03404749258784,48.63235226366661,44.665312157683175,46.38344650201691,77.3396152649483,44.391298196834576,59.955801104972366,23.29914122137405,50.77734375,43.75253549695743,46.55477651183172,45.98661800486617,49.52739998687473,65.21546961325967,18.62929389312977,44.87109375,39.492900608519285,50.2883435582822,52.0456204379562,0,1,0,0,0,0,0,0,0,0
Tunisia,35.55780933062879,Middle East and Northern Africa,2018,28.497691612707712,40.01114496868618,48.05657472319274,9.70573382801377,39.87829266406938,53.74338729249922,52.81943184325877,26.847057981207968,32.53176795580111,46.624045801526705,7.6875,44.746450304259646,52.214723926380366,26.256082725060825,20.89272884265853,36.2817679558011,42.03864503816794,12.560546875,38.539553752535504,64.67397020157756,36.75729927007299,0,0,0,0,1,0,0,0,0,0
Palestinian Territories,38.62068965517243,Middle East and Northern Africa,2018,29.338741671159312,35.18108587238674,34.17219596964714,22.29944802820684,39.269778810698384,49.57642187474593,70.29483933228346,34.87488694670259,24.508287292817677,31.977099236641216,21.78515625,38.84381338742393,49.81945661700262,43.56995133819951,42.406521817318094,33.838397790055254,28.5625,21.974609375,38.052738336714,57.85714285714286,56.300486618004854,0,0,0,0,1,0,0,0,0,0
Bangladesh,33.69168356997972,Southern Asia,2018,40.65435182722654,66.07136179729059,27.990599966231198,33.64362346474083,35.88234891756065,46.734534053819196,44.7160426137511,41.34841255539043,54.94198895027624,25.84780534351145,37.36718750000001,36.59229208924949,46.44084136722173,15.054136253041364,41.30240780487185,56.381215469613245,18.96612595419848,41.44921875,37.62677484787019,52.729184925503944,26.220194647201946,0,0,0,0,0,0,0,1,0,0
Iran,37.89046653144016,Middle East and Northern Africa,2018,16.02315015273246,34.436824325039915,55.194327621969464,75.63338149338965,37.58620511687546,56.03270714581796,43.281706145209974,18.3033185991834,31.138121546961322,53.31965648854961,75.26953125,40.04056795131846,56.29447852760735,23.635644768856444,19.266132306465398,41.48204419889503,48.1297709923664,74.38671874999999,37.46450304259636,61.178790534618756,33.11861313868613,0,0,0,0,1,0,0,0,0,0
Ukraine,25.63894523326572,Central and Eastern Europe,2018,7.567607567693073,16.985466261265746,42.68377621210257,52.74637951515605,25.49696134988965,50.473615435734885,84.82588613700425,6.010192049893436,17.76104972375691,41.64456106870229,39.771484375,30.12170385395537,51.38299737072744,61.6867396593674,9.730004734682595,34.70027624309392,38.12356870229007,29.833984375,37.363083164300214,59.06222611744085,73.161800486618,0,1,0,0,0,0,0,0,0,0
Iraq,32.79918864097364,Middle East and Northern Africa,2018,35.23167175767393,39.855736559925816,52.610233084845895,38.991653127595704,33.63083605350385,43.92466871076048,59.52635023135626,44.80862700511038,34.331491712707184,51.275763358778626,38.259765625,35.21298174442191,44.764241893076246,36.01277372262773,45.308107153597966,0.0,47.01765267175571,35.00390625000001,37.28194726166328,52.793163891323395,49.81082725060827,0,0,0,0,1,0,0,0,0,0
South Africa,38.23529411764706,Sub-Saharan Africa,2018,23.827009559315556,66.19430049348273,50.31959473631774,27.21921482589101,40.36511148448885,16.39614990152463,84.23288518204865,27.65214111528336,58.67817679558011,48.862595419847324,26.671875,32.86004056795132,16.311130587204207,58.426399026763974,29.19330025765625,45.866022099447505,43.91650763358777,23.384765625,36.57200811359026,24.26643295354952,72.06082725060827,0,0,0,0,0,0,0,0,1,0
Ghana,36.8762677484787,Sub-Saharan Africa,2018,8.325666964374747,58.429046065767814,31.833245440293798,50.18045776523653,25.98377049815579,25.910405502519897,53.14262388976533,10.712534763615418,56.59254143646408,30.108301526717558,41.41210937500001,29.14807302231237,26.013146362839613,30.02007299270073,14.31076346489115,58.48342541436463,26.029580152671752,45.09179687499999,36.38945233265721,35.1726555652936,41.33454987834549,0,0,0,0,0,0,0,0,1,0
Zimbabwe,17.30223123732251,Sub-Saharan Africa,2018,31.34086162420278,46.46190704561726,17.931609492720515,36.94208862725645,21.01419878296146,17.24485134890368,65.88174623874575,28.200912067898017,35.12292817679557,16.718034351145036,36.138671875,27.464503042596363,13.97896581945662,43.478102189781005,26.54802710283711,35.719613259668506,12.929389312977099,37.083984375,35.922920892494936,29.338299737072738,62.81995133819952,0,0,0,0,0,0,0,0,1,0
Liberia,13.306288032454365,Sub-Saharan Africa,2018,12.79860344061351,45.97806387184736,5.679474859178529,52.060524467378904,14.077078952750703,20.150586923520684,53.048536290217505,15.943932108301231,35.56353591160221,5.1078244274809155,46.998046875,15.882352941176471,20.30236634531113,30.62834549878345,20.4786860879912,39.407458563535904,3.396946564885496,47.58203124999999,35.131845841785,29.97458369851008,48.03406326034063,0,0,0,0,0,0,0,0,1,0
India,27.403651115618672,Southern Asia,2018,30.30624891038745,64.91533218167764,37.796815274325965,45.222361222840824,29.93914923368073,39.914777987260386,45.88641099396125,28.660959573083954,55.64226519337015,35.32251908396947,48.8828125,31.74442190669372,39.518843120070116,17.790145985401463,27.905167243135622,54.95303867403314,30.77242366412213,51.708984375,35.01014198782963,45.161262050832605,23.220194647201943,0,0,0,0,0,0,0,1,0,0
Haiti,15.070993914807303,Latin America and Caribbean,2018,32.81852373391919,4.194731674882582,17.586367503377335,95.54761345498258,15.496955894795127,24.30509465708221,38.95680182171563,47.568912036226,16.67403314917127,16.267652671755727,93.66796875,24.117647058823536,24.096406660823842,17.981143552311433,56.437970725489215,33.73618784530386,12.7256679389313,90.208984375,34.05679513184584,34.0464504820333,45.195863746958636,0,0,0,1,0,0,0,0,0,0
Congo (Kinshasa),28.519269776876268,Sub-Saharan Africa,2018,19.795632687986334,32.59134638375345,4.394196030747801,48.13590494450175,29.229213180696767,16.775374659104468,74.758117796441,19.962775671461245,21.549723756906076,2.7008587786259546,49.72265625,29.066937119675465,16.476774758983346,49.07299270072993,25.056158764591277,31.22237569060773,0.0,48.50390625,34.036511156186606,8.594215600350571,60.90024330900243,0,0,0,0,0,0,0,0,1,0
Nepal,41.39959432048681,Southern Asia,2018,23.980155666301574,60.81573870959199,22.892184726154532,76.97190740145743,43.06287815798136,44.18324107772736,71.7325584731831,23.028663688164677,51.12154696132596,21.291030534351147,74.53125,39.634888438133885,43.8851884312007,42.39598540145985,19.410718665238125,52.875690607734796,17.174141221374043,63.07812499999999,33.975659229208915,49.845749342681856,52.5845498783455,0,0,0,0,0,0,0,1,0,0
Ethiopia,30.64908722109533,Sub-Saharan Africa,2018,54.369634559854795,56.46999205014986,16.184820871771755,61.06459768489003,32.88032531738276,30.97368164296529,52.5954503502579,56.42154045744685,50.69475138121546,13.970896946564887,57.66015624999999,33.853955375253555,30.30499561787905,23.072992700729927,49.44853470027142,60.01381215469613,9.099713740458014,47.509765625,33.935091277890464,38.6108676599474,36.743309002433094,0,0,0,0,0,0,0,0,1,0
Sierra Leone,35.131845841785,Sub-Saharan Africa,2018,23.36225597748232,44.019018088915054,17.577334385336833,57.23455105908222,37.93103672669817,0.4877084923302472,59.862289840577546,26.93249537502821,42.382596685082866,17.40696564885496,46.67382812499999,36.43002028397566,0.0,38.19951338199513,28.871267004026095,56.408839779005525,15.755725190839696,41.96875000000001,33.83367139959432,0.0,58.13321167883212,0,0,0,0,0,0,0,0,1,0
Mauritania,30.770791075050703,Sub-Saharan Africa,2018,45.00480593891651,13.27321036250551,30.937847745327524,39.42773910239336,29.472612918753157,25.008701107984663,77.37413810117395,59.00109254009658,17.51381215469613,29.289599236641227,44.30859375,27.626774847870198,25.099912357581072,51.18126520681266,57.3777820575119,33.4696132596685,21.663645038167935,42.77343749999999,32.39350912778905,31.440841367221733,52.863746958637456,0,0,0,0,0,0,0,0,1,0
Kenya,31.86612576064909,Sub-Saharan Africa,2018,21.2414840263754,62.536431774908685,26.74043235433011,86.88677917234591,34.766733738278305,27.16812880597125,64.960506420646,21.970554426237026,56.04419889502762,24.93654580152672,80.71875,30.770791075050703,26.421560035056963,46.37469586374696,19.187267019862094,58.30801104972375,17.400286259541982,73.32421874999999,32.04868154158215,36.31463628396144,60.75182481751824,0,0,0,0,0,0,0,0,1,0
Armenia,30.0608519269777,Central and Eastern Europe,2018,8.765357903755502,27.389954055211874,42.96740161553592,16.306267934851352,31.17646911806796,55.87418282063357,61.282464767604615,11.882369848231091,19.38812154696132,41.07156488549619,15.220703124999998,30.85192697768764,56.163891323400534,38.003041362530396,12.815609073036851,27.412983425414357,36.65124045801527,15.341796875,30.64908722109533,63.97020157756354,47.26946472019465,0,1,0,0,0,0,0,0,0,0
Botswana,15.233265720081134,Sub-Saharan Africa,2018,32.39496770839514,69.77849902369047,53.535026448373564,19.40399379236623,18.80324609381197,29.952279524673624,74.303831787295,35.387511309624074,60.89640883977899,52.20706106870229,24.267578125,23.02231237322515,30.457493426818576,54.24939172749392,40.990232712067105,68.36325966850828,47.40219465648854,20.431640625,30.283975659229213,4.185801928133216,67.19221411192214,0,0,0,0,0,0,0,0,1,0
Myanmar,29.797160243407703,Southeastern Asia,2018,62.04601706840909,71.06243576134102,17.514816336049382,100.0,34.60446402218965,34.83983950067467,68.32335407136435,66.5195831962782,58.96685082872926,16.27480916030534,100.0,31.56186612576064,34.951796669588084,42.567518248175176,62.54674438363678,60.796961325966855,12.933206106870227,100.0,29.77687626774847,42.283961437335684,43.129562043795616,0,0,0,0,0,0,1,0,0,0
Georgia,30.446247464503042,Central and Eastern Europe,2018,82.69900549767944,42.73619276383963,45.35365764421359,10.548596765147519,29.350908213648285,56.92786861155557,34.70893758926946,100.0,44.83563535911602,39.97709923664122,13.25390625,28.66125760649087,56.12182296231376,11.708637469586375,100.0,56.04558011049723,35.39599236641221,10.833984375000002,29.574036511156184,63.91411042944786,23.45620437956204,0,1,0,0,0,0,0,0,0,0
Malawi,15.172413793103445,Sub-Saharan Africa,2018,23.893439302902504,64.49097427873977,11.137501827178099,56.08798237517482,22.94117705091744,27.61521326879159,31.178152764220624,24.85570949447455,57.22375690607735,4.1550572519083975,60.484375,26.71399594320488,25.7353198948291,8.941605839416058,22.926796026302082,59.46685082872926,0.7652671755725191,64.703125,29.472616632860042,19.773882559158636,25.020681265206807,0,0,0,0,0,0,0,0,1,0
Sri Lanka,33.10344827586207,Southern Asia,2018,24.203088137169317,77.51564294593769,48.17987330087262,95.871789380908,32.47464619108438,54.78797828179509,76.64089945401034,26.17013093786295,70.18922651933701,46.43034351145039,91.75390625,31.967545638945236,54.344434706397884,51.57116788321168,30.162686072155193,74.20718232044199,39.84923664122137,79.7421875,29.04665314401623,62.05609114811569,61.9860097323601,0,0,0,0,0,0,0,1,0,0
Cameroon,43.326572008113594,Sub-Saharan Africa,2018,16.85963413033085,59.445959757704685,26.922965891488644,46.152042341418564,37.647062305504654,11.646986582318931,57.54368728674822,20.130364405493268,59.02762430939226,25.046278625954194,44.296875,33.9553752535497,11.128834355828221,38.042579075425785,19.013106178613132,68.1063535911602,20.157442748091604,40.26953125000001,28.66125760649087,20.510078878177033,53.99452554744526,0,0,0,0,0,0,0,0,1,0
Bulgaria,42.47464503042596,Central and Eastern Europe,2018,3.631592315662511,39.94913226333106,55.4131244430105,22.105018433649025,38.03245892631115,62.06991064454461,87.24935878512345,2.020922969209657,29.308011049723753,53.10400763358778,24.986328125,27.951318458417845,59.426818580192815,56.290754257907544,2.865438746586701,42.24723756906077,48.290076335877856,23.283203125,27.971602434077077,67.17703768624014,67.28345498783453,0,1,0,0,0,0,0,0,0,0
Egypt,32.04868154158215,Middle East and Northern Africa,2018,37.58632987709489,38.965490970822366,47.21859768601775,25.123328668996677,38.458420558101416,45.590469651218044,60.67344234517604,34.15195515283897,26.0317679558011,45.51288167938932,24.81640625,30.89249492900609,45.675723049956176,30.299878345498787,20.781003019970527,23.87845303867403,42.0706106870229,22.052734375,27.484787018255577,54.08588957055215,45.43795620437956,0,0,0,0,1,0,0,0,0,0
Yemen,10.466531440162274,Middle East and Northern Africa,2018,18.654079422628342,34.456315208535216,28.22917210691756,20.336954912636525,15.294116331646045,27.176241515290798,56.89673035104197,19.36142786111106,31.58839779005525,27.64265267175573,19.181640625,17.951318458417852,27.211218229623146,28.88868613138686,25.80866504093113,49.131215469613245,26.072996183206104,17.833984375,25.111561866125765,35.11305872042068,41.419099756691,0,0,0,0,1,0,0,0,0,0
Mali,32.61663286004057,Sub-Saharan Africa,2018,34.493785746895824,42.34996454491796,22.718535011051287,35.81136697903282,27.40365227627708,14.843617375747414,77.94850354067032,44.84477359480357,38.04419889502762,14.929389312977099,41.140625,25.030425963488856,14.326906222611745,52.5139902676399,40.589334171833634,53.66988950276242,12.439885496183207,36.71484375,23.448275862068968,18.039439088518844,62.972019464720205,0,0,0,0,0,0,0,0,1,0
Congo (Brazzaville),34.88843813387425,Sub-Saharan Africa,2018,26.16294552308795,60.08644624309639,38.59562273243913,23.603931185789452,29.45233041326126,25.412570897368976,50.61097098673058,32.04888084341753,52.40055248618784,36.78864503816794,23.587890625,28.336713995943217,24.72567922874671,29.07481751824817,38.400822468591954,57.27348066298342,32.37881679389313,24.1953125,23.32657200811359,27.213847502191058,40.32238442822384,0,0,0,0,0,0,0,0,1,0
Uganda,26.81541582150103,Sub-Saharan Africa,2018,18.753415552117364,61.213529735638936,18.198030311187736,63.62618296407168,25.19269475105092,19.073848082870906,68.72431495183879,21.168757345770107,60.29419889502762,16.564408396946565,52.93359375,18.255578093306287,17.19982471516214,55.3412408759124,23.879751572758664,63.158839779005525,10.067748091603052,56.76953124999999,22.150101419878297,29.676599474145483,68.91666666666666,0,0,0,0,0,0,0,0,1,0
Senegal,36.34888438133875,Sub-Saharan Africa,2018,37.94092216778079,52.199208110735476,22.867796871498328,35.83376819733535,34.4016196229637,35.87755061992945,71.7574154953595,38.384392200549605,42.89502762430939,21.142175572519086,37.310546875,27.9918864097363,35.45749342681857,47.09002433090024,35.20349230754968,50.79005524861879,17.413167938931302,40.70898437500001,21.602434077079106,38.15950920245399,59.37895377128953,0,0,0,0,0,0,0,0,1,0
Gabon,38.92494929006086,Sub-Saharan Africa,2018,24.98938194989345,43.139306221219066,57.16651905583969,8.55183170642703,32.98174751699573,31.25141003380525,70.2932005671107,30.606303309298774,38.80939226519337,55.27242366412214,12.1953125,26.00405679513186,30.62226117440841,44.01946472019465,36.44562057155171,44.08011049723757,50.58396946564886,13.32421875,21.44016227180528,38.01226993865031,55.06569343065693,0,0,0,0,0,0,0,0,1,0
Niger,26.916835699797172,Sub-Saharan Africa,2018,45.53581298668461,50.22910171450829,7.72544516975644,44.66286045499141,24.117644582752337,23.532428311006136,60.40298083112767,56.44125677909769,52.542817679558,6.331106870229008,40.95703125,20.628803245436114,22.92900964066608,36.81873479318734,51.39059238287778,65.87292817679557,3.3110687022900764,37.865234375,20.40567951318459,26.03593339176161,46.998175182481745,0,0,0,0,0,0,0,0,1,0
Cambodia,32.332657200811354,Southeastern Asia,2018,22.379980588277512,87.482848549416,28.710166802843126,75.3755797632039,26.957408138994737,37.66725713176547,61.206711759822376,26.59074579974724,81.28729281767953,26.52862595419847,78.78710937500001,21.6632860040568,37.24276950043821,32.69464720194647,23.81403050058925,91.5,21.964694656488547,78.826171875,19.878296146044622,53.561787905346186,38.16058394160584,0,0,0,0,0,0,1,0,0,0
Tanzania,9.411764705882351,Sub-Saharan Africa,2018,21.699490091408965,53.8698587957667,24.38625363448192,69.1906956490129,10.344827121943613,31.946475415977826,63.38137489745803,16.755587349593565,43.86740331491712,22.49761450381679,61.46874999999999,16.774847870182565,31.288343558282214,47.215936739659355,18.884950087882768,45.411602209944746,13.606870229007633,67.142578125,19.107505070993923,33.49255039439088,60.990267639902676,0,0,0,0,0,0,0,0,1,0
Madagascar,18.965517241379303,Sub-Saharan Africa,2018,22.092787568265692,26.13214992027914,14.590109406991743,40.76807235833262,16.32860148896065,32.88547842258115,55.53651900187025,24.66511838518323,18.900552486187845,13.3368320610687,43.046875,17.363083164300207,32.52322524101665,28.05048661800487,26.695899515218297,26.49723756906077,9.935114503816797,41.666015625,17.079107505070994,40.94741454864154,40.63321167883211,0,0,0,0,0,0,0,0,1,0
Chad,29.65517241379311,Sub-Saharan Africa,2018,17.607293757605465,22.42293188255801,20.897566191567694,42.20973642077305,22.251523503425364,3.6051459316618057,58.020430179698046,16.272537469148332,17.689226519337016,20.140267175572514,36.458984375,18.742393509127787,3.3514460999123568,38.4294403892944,17.31421646303363,32.45994475138121,16.31345419847328,35.91015625,16.79513184584178,13.15512708150745,46.26642335766422,0,0,0,0,0,0,0,0,1,0
Guinea,22.819472616632858,Sub-Saharan Africa,2018,36.454695902126346,48.147446542813675,11.667458496930964,51.72169767320156,13.549695121347265,17.013947343115866,48.12923878648857,39.16975901297417,42.752762430939214,10.694179389312977,58.42578125,15.578093306288027,16.50219106047327,18.91119221411192,39.88940475322932,52.106353591160214,8.309637404580151,55.970703125,16.572008113590268,21.042068361086766,28.26946472019464,0,0,0,0,0,0,0,0,1,0
Ivory Coast,37.16024340770792,Sub-Saharan Africa,2018,42.73899665282679,61.837871924289644,28.771417969055772,39.30419334210449,27.20080787705113,4.263117413161411,55.03528164541051,51.032412539554436,56.16436464088397,26.48234732824427,39.72265625,21.84584178498986,3.922874671340929,35.02189781021897,58.89265277101703,64.73204419889504,22.20133587786259,39.384765625,16.551724137931032,13.308501314636285,46.90693430656935,0,0,0,0,0,0,0,0,1,0
Burkina Faso,32.15010141987829,Sub-Saharan Africa,2018,39.540460687616246,44.802189367252204,16.709337480195614,48.99700870737441,24.198784276873226,18.91711294180885,63.45985434641241,41.184109874966886,46.091160220994475,15.264790076335876,47.56445312500001,18.255578093306287,18.665205959684485,38.35401459854014,42.166639903899714,54.54834254143646,12.314885496183205,42.47460937499999,15.172413793103445,23.773006134969325,51.81751824817518,0,0,0,0,0,0,0,0,1,0
Afghanistan,16.085192697768758,Southern Asia,2018,20.09679081533687,14.665679625384668,19.15444740812285,60.912291519343945,19.371194936198997,15.84108491198834,35.373681653155046,23.370413263445663,22.69337016574585,18.23807251908397,61.0703125,10.567951318458418,15.200701139351445,6.713503649635036,31.937155020729524,32.33977900552486,15.25858778625954,71.30859375,14.929006085192704,26.586327782646798,18.42153284671533,0,0,0,0,0,0,0,1,0,0
Rwanda,11.541582150101421,Sub-Saharan Africa,2018,100.0,80.36517306585993,17.592838417937738,49.366411985829494,12.819471726794731,28.60865971166556,57.52475809876933,100.0,75.02762430939227,15.670801526717556,46.0,13.711967545638947,27.927256792287466,37.46107055961071,100.0,81.76933701657457,10.595419847328245,44.1953125,12.697768762677484,37.567046450482025,47.06204379562044,0,0,0,0,0,0,0,0,1,0
Benin,26.409736308316432,Sub-Saharan Africa,2018,20.021601051753787,58.83463756155565,20.567051895702146,40.61493382323535,16.59229340466227,18.398791525470468,26.478092673341113,21.95412415819467,54.899171270718234,18.844942748091604,39.4140625,13.083164300202839,18.429447852760735,6.337591240875912,26.32128940385261,66.91988950276242,13.67604961832061,35.6640625,10.162271805273832,27.96669588080631,21.52433090024331,0,0,0,0,0,0,0,0,1,0
Syria,12.636916835699791,Middle East and Northern Africa,2018,49.733478443294686,11.262354230024544,37.0779167149813,96.41869692131876,12.636914669137528,43.867952880056976,24.0938325577989,56.62856183478052,9.54696132596685,35.64837786259542,94.525390625,4.665314401622718,55.209465381244506,9.04257907542579,62.126129521752475,21.662983425414357,31.641221374045802,92.146484375,3.387423935091284,63.27169149868537,28.886253041362533,0,0,0,0,1,0,0,0,0,0
Burundi,1.3387423935091245,Sub-Saharan Africa,2018,27.65146584652229,8.273584696140082,4.3713057570102585,39.92874699179082,1.338741813179921,13.28753651912331,38.30861218654324,30.95133893818823,5.9668508287292825,3.259064885496183,39.62890625,1.3387423935091245,13.801051709027169,14.259124087591234,33.064271408435076,16.367403314917127,0.7299618320610687,38.529296875,1.3387423935091245,19.628396143733564,25.29622871046228,0,0,0,0,0,0,0,0,1,0
Togo,23.529411764705877,Sub-Saharan Africa,2018,31.43603686660868,52.545046773404685,14.572744151108155,38.456279435195114,13.306285711137535,21.656929767518395,26.27022691306697,38.075503161353325,47.89779005524861,13.417461832061072,34.212890625,9.411764705882351,21.74496056091148,0.0,35.26264127250216,50.34944751381215,9.956106870229009,32.58007812499999,0.0,24.92813321647677,8.512773722627736,0,0,0,0,0,0,0,0,1,0
